Workbook

Sheet 📋 INSTRUCCIONES
A1: 📋 INSTRUCCIONES DE USO
A2: Guía rápida del sistema — DTE | Dirección de Tecnología Educativa | 2026
B3: Hoja | C3: Función | D3: Uso | E3: Responsable
B4: 👥 ESTUDIANTES | C4: Datos de los 12 alumnos y roles actuales | D4: Configuración inicial + rol semanal | E4: FED
B5: 📅 ASISTENCIA | C5: Registro de presencia por sesión | D5: Carga al inicio de cada sesión | E5: Líder de Equipo
B6: 🔧 OT | C6: Órdenes de trabajo de cada netbook | D6: Carga durante y al cierre | E6: Documentador
B7: 💻 EQUIPOS | C7: Inventario y estado de cada netbook | D7: Actualizar al cambiar de etapa | E7: Técnico Principal
B8: ⚙️ ROLES | C8: Rotación semanal de roles | D8: Consulta semanal | E8: Todos
B9: 📊 KANBAN | C9: Tablero visual de etapas | D9: Mover al cambiar estado | E9: Líder de Equipo
B10: 🏆 DASHBOARD | C10: Indicadores globales automáticos | D10: Solo lectura | E10: FED
B11: 🏅 RANKING | C11: Registro de puntos grupales e individuales | D11: Solo lectura | E11: FED
B14: 📌 FLUJO DE TRABAJO POR SESIÓN
B15: 1️⃣ Líder registra asistencia en ASISTENCIA al iniciar la sesión
B16: 2️⃣ Al recibir un equipo: cargarlo en EQUIPOS y abrir OT en hoja OT
B17: 3️⃣ Técnico Principal ejecuta desbloqueo — Documentador registra en OT en tiempo real
B18: 4️⃣ Tester/Instalador prepara y ejecuta la instalación de imagen del SO
B19: 5️⃣ Al cambiar de etapa: Documentador actualiza Estado Final en OT
B20: 6️⃣ Control de Calidad verifica y autoriza cada avance antes de continuar
B21: 7️⃣ Al cierre: Documentador completa el historial — Líder actualiza horas en OT
B22: 8️⃣ FED revisa el DASHBOARD para ver el estado global del taller

Sheet 📅 ASISTENCIA
A1: 📅 REGISTRO DE ASISTENCIA
A2: Grupo 1 (Lunes y Miércoles) arriba | Grupo 2 (Martes y Jueves) abajo
A4: GRUPO 1 — Lunes y Miércoles
A5: # | B5: Fecha | C5: Sesión N° | D5: Kovach, Ludmila | E5: Terraza, Brian | F5: Pedrozo, Lorena | G5: Cáceres, Santiago | H5: Aguilera, Thiago | I5: Simonetti, Tomás | J5: Presentes | K5: Ausentes | L5: % Asist.
A6: 1 | B6: 46190 | C6: 1 | D6: Presente | E6: Presente | F6: Presente | G6: Ausente | H6: Presente | I6: Presente | J6: =COUNTIF(D6:I6,"Presente")+COUNTIF(D6:I6,"Tardanza") -> 5 | K6: =COUNTIF(D6:I6,"Ausente") -> 1 | L6: =IFERROR(J6/6,0) -> 0.83333333
A7: 2 | B7: 46195 | C7: 2 | D7: Presente | E7: Presente | F7: Presente | G7: Ausente | H7: Presente | I7: Presente | J7: =COUNTIF(D7:I7,"Presente")+COUNTIF(D7:I7,"Tardanza") -> 5 | K7: =COUNTIF(D7:I7,"Ausente") -> 1 | L7: =IFERROR(J7/6,0) -> 0.83333333
A8: 3 | B8: 46197 | C8: 3 | D8: Presente | E8: Presente | F8: Presente | G8: Presente | H8: Presente | I8: Presente | J8: =COUNTIF(D8:I8,"Presente")+COUNTIF(D8:I8,"Tardanza") -> 6 | K8: =COUNTIF(D8:I8,"Ausente") -> 0 | L8: =IFERROR(J8/6,0) -> 1
A9: 4 | B9: 46202 | C9: 4 | D9: Presente | E9: Presente | F9: Presente | G9: Presente | H9: Presente | I9: Presente | J9: =COUNTIF(D9:I9,"Presente")+COUNTIF(D9:I9,"Tardanza") -> 6 | K9: =COUNTIF(D9:I9,"Ausente") -> 0 | L9: =IFERROR(J9/6,0) -> 1
A10: 5 | B10: 46204 | C10: 5 | D10: Tardanza | E10: Presente | F10: Presente | G10: Presente | H10: Presente | I10: Presente | J10: =COUNTIF(D10:I10,"Presente")+COUNTIF(D10:I10,"Tardanza") -> 6 | K10: =COUNTIF(D10:I10,"Ausente") -> 0 | L10: =IFERROR(J10/6,0) -> 1
A11: 6 | B11: 46209 | C11: 6 | D11: Justificado | E11: Presente | F11: Presente | G11: Presente | H11: Presente | I11: Ausente | J11: =COUNTIF(D11:I11,"Presente")+COUNTIF(D11:I11,"Tardanza") -> 4 | K11: =COUNTIF(D11:I11,"Ausente") -> 1 | L11: =IFERROR(J11/6,0) -> 0.66666667
A12: 7 | B12: 46211 | C12: 7 | D12: Ausente | E12: Presente | F12: Presente | G12: Presente | H12: Presente | I12: Presente | J12: =COUNTIF(D12:I12,"Presente")+COUNTIF(D12:I12,"Tardanza") -> 5 | K12: =COUNTIF(D12:I12,"Ausente") -> 1 | L12: =IFERROR(J12/6,0) -> 0.83333333
A13: 8 | B13: 46216 | C13: 8 | D13: Presente | E13: Presente | F13: Presente | G13: Presente | H13: Presente | I13: Presente | J13: =COUNTIF(D13:I13,"Presente")+COUNTIF(D13:I13,"Tardanza") -> 6 | K13: =COUNTIF(D13:I13,"Ausente") -> 0 | L13: =IFERROR(J13/6,0) -> 1
A14: 9 | B14: 46218 | C14: 9 | D14: Ausente | E14: Ausente | F14: Tardanza | G14: Presente | H14: Presente | I14: Presente | J14: =COUNTIF(D14:I14,"Presente")+COUNTIF(D14:I14,"Tardanza") -> 4 | K14: =COUNTIF(D14:I14,"Ausente") -> 2 | L14: =IFERROR(J14/6,0) -> 0.66666667
A15: 10 | B15: 46237 | C15: 10 | D15: Ausente | E15: Ausente | F15: Presente | G15: Presente | H15: Presente | I15: Ausente | J15: =COUNTIF(D15:I15,"Presente")+COUNTIF(D15:I15,"Tardanza") -> 3 | K15: =COUNTIF(D15:I15,"Ausente") -> 3 | L15: =IFERROR(J15/6,0) -> 0.5
A16: 11 | B16: 46244 | C16: 11 | D16: Ausente | E16: Presente | F16: Presente | G16: Ausente | H16: Presente | I16: Presente | J16: =COUNTIF(D16:I16,"Presente")+COUNTIF(D16:I16,"Tardanza") -> 4 | K16: =COUNTIF(D16:I16,"Ausente") -> 2 | L16: =IFERROR(J16/6,0) -> 0.66666667
A17: 12 | J17: =COUNTIF(D17:I17,"Presente")+COUNTIF(D17:I17,"Tardanza") -> 0 | K17: =COUNTIF(D17:I17,"Ausente") -> 0 | L17: =IFERROR(J17/6,0) -> 0
A18: 13 | J18: =COUNTIF(D18:I18,"Presente")+COUNTIF(D18:I18,"Tardanza") -> 0 | K18: =COUNTIF(D18:I18,"Ausente") -> 0 | L18: =IFERROR(J18/6,0) -> 0
A19: 14 | J19: =COUNTIF(D19:I19,"Presente")+COUNTIF(D19:I19,"Tardanza") -> 0 | K19: =COUNTIF(D19:I19,"Ausente") -> 0 | L19: =IFERROR(J19/6,0) -> 0
A20: 15 | J20: =COUNTIF(D20:I20,"Presente")+COUNTIF(D20:I20,"Tardanza") -> 0 | K20: =COUNTIF(D20:I20,"Ausente") -> 0 | L20: =IFERROR(J20/6,0) -> 0
A21: 16 | J21: =COUNTIF(D21:I21,"Presente")+COUNTIF(D21:I21,"Tardanza") -> 0 | K21: =COUNTIF(D21:I21,"Ausente") -> 0 | L21: =IFERROR(J21/6,0) -> 0
A22: 17 | J22: =COUNTIF(D22:I22,"Presente")+COUNTIF(D22:I22,"Tardanza") -> 0 | K22: =COUNTIF(D22:I22,"Ausente") -> 0 | L22: =IFERROR(J22/6,0) -> 0
A23: 18 | J23: =COUNTIF(D23:I23,"Presente")+COUNTIF(D23:I23,"Tardanza") -> 0 | K23: =COUNTIF(D23:I23,"Ausente") -> 0 | L23: =IFERROR(J23/6,0) -> 0
A24: 19 | J24: =COUNTIF(D24:I24,"Presente")+COUNTIF(D24:I24,"Tardanza") -> 0 | K24: =COUNTIF(D24:I24,"Ausente") -> 0 | L24: =IFERROR(J24/6,0) -> 0
A25: 20 | J25: =COUNTIF(D25:I25,"Presente")+COUNTIF(D25:I25,"Tardanza") -> 0 | K25: =COUNTIF(D25:I25,"Ausente") -> 0 | L25: =IFERROR(J25/6,0) -> 0
A26: 21 | J26: =COUNTIF(D26:I26,"Presente")+COUNTIF(D26:I26,"Tardanza") -> 0 | K26: =COUNTIF(D26:I26,"Ausente") -> 0 | L26: =IFERROR(J26/6,0) -> 0
A27: 22 | J27: =COUNTIF(D27:I27,"Presente")+COUNTIF(D27:I27,"Tardanza") -> 0 | K27: =COUNTIF(D27:I27,"Ausente") -> 0 | L27: =IFERROR(J27/6,0) -> 0
A28: 23 | J28: =COUNTIF(D28:I28,"Presente")+COUNTIF(D28:I28,"Tardanza") -> 0 | K28: =COUNTIF(D28:I28,"Ausente") -> 0 | L28: =IFERROR(J28/6,0) -> 0
... A35: 30 | J35: =COUNTIF(D35:I35,"Presente")+COUNTIF(D35:I35,"Tardanza") -> 0 | K35: =COUNTIF(D35:I35,"Ausente") -> 0 | L35: =IFERROR(J35/6,0) -> 0
A37: GRUPO 2 — Martes y Jueves
A38: # | B38: Fecha | C38: Sesión N° | D38: Pinilla, Alexis | E38: Lorenzetti, Axel | F38: Leal, Benjamín | G38: Calascibetta, Felipe | H38: Mottin, Francisco | I38: Cappelletti, Sofía | J38: Presentes | K38: Ausentes | L38: % Asist.
A39: 1 | B39: 46189 | C39: 1 | D39: Presente | E39: Presente | F39: Ausente | G39: Presente | H39: Presente | I39: Presente | J39: =COUNTIF(D39:I39,"Presente")+COUNTIF(D39:I39,"Tardanza") -> 5 | K39: =COUNTIF(D39:I39,"Ausente") -> 1 | L39: =IFERROR(J39/6,0) -> 0.83333333
A40: 2 | B40: 46191 | C40: 2 | D40: Presente | E40: Tardanza | F40: Presente | G40: Ausente | H40: Presente | I40: Presente | J40: =COUNTIF(D40:I40,"Presente")+COUNTIF(D40:I40,"Tardanza") -> 5 | K40: =COUNTIF(D40:I40,"Ausente") -> 1 | L40: =IFERROR(J40/6,0) -> 0.83333333
A41: 3 | B41: 46196 | C41: 3 | D41: Presente | E41: Presente | F41: Presente | G41: Presente | H41: Presente | I41: Presente | J41: =COUNTIF(D41:I41,"Presente")+COUNTIF(D41:I41,"Tardanza") -> 6 | K41: =COUNTIF(D41:I41,"Ausente") -> 0 | L41: =IFERROR(J41/6,0) -> 1
A42: 4 | B42: 46198 | C42: 4 | D42: Presente | E42: Presente | F42: Presente | G42: Presente | H42: Presente | I42: Presente | J42: =COUNTIF(D42:I42,"Presente")+COUNTIF(D42:I42,"Tardanza") -> 6 | K42: =COUNTIF(D42:I42,"Ausente") -> 0 | L42: =IFERROR(J42/6,0) -> 1
A43: 5 | B43: 46203 | C43: 5 | D43: Presente | E43: Presente | F43: Presente | G43: Presente | H43: Presente | I43: Presente | J43: =COUNTIF(D43:I43,"Presente")+COUNTIF(D43:I43,"Tardanza") -> 6 | K43: =COUNTIF(D43:I43,"Ausente") -> 0 | L43: =IFERROR(J43/6,0) -> 1
A44: 6 | B44: 46205 | C44: 6 | D44: Presente | E44: Ausente | F44: Presente | G44: Presente | H44: Presente | I44: Presente | J44: =COUNTIF(D44:I44,"Presente")+COUNTIF(D44:I44,"Tardanza") -> 5 | K44: =COUNTIF(D44:I44,"Ausente") -> 1 | L44: =IFERROR(J44/6,0) -> 0.83333333
A45: 7 | B45: 46210 | C45: 7 | D45: Presente | E45: Presente | F45: Justificado | G45: Presente | H45: Presente | I45: Ausente | J45: =COUNTIF(D45:I45,"Presente")+COUNTIF(D45:I45,"Tardanza") -> 4 | K45: =COUNTIF(D45:I45,"Ausente") -> 1 | L45: =IFERROR(J45/6,0) -> 0.66666667
A46: 8 | B46: 46217 | C46: 8 | D46: Ausente | E46: Presente | F46: Presente | G46: Ausente | H46: Presente | I46: Presente | J46: =COUNTIF(D46:I46,"Presente")+COUNTIF(D46:I46,"Tardanza") -> 4 | K46: =COUNTIF(D46:I46,"Ausente") -> 2 | L46: =IFERROR(J46/6,0) -> 0.66666667
A47: 9 | B47: 46219 | C47: 9 | D47: Presente | E47: Presente | F47: Presente | G47: Ausente | H47: Presente | I47: Ausente | J47: =COUNTIF(D47:I47,"Presente")+COUNTIF(D47:I47,"Tardanza") -> 4 | K47: =COUNTIF(D47:I47,"Ausente") -> 2 | L47: =IFERROR(J47/6,0) -> 0.66666667
A48: 10 | B48: 46245 | C48: 10 | D48: Presente | E48: Presente | F48: Presente | G48: Presente | H48: Presente | I48: Presente | J48: =COUNTIF(D48:I48,"Presente")+COUNTIF(D48:I48,"Tardanza") -> 6 | K48: =COUNTIF(D48:I48,"Ausente") -> 0 | L48: =IFERROR(J48/6,0) -> 1
A49: 11 | B49: 46247 | C49: 11 | D49: Presente | E49: Ausente | F49: Presente | G49: Presente | H49: Presente | I49: Ausente | J49: =COUNTIF(D49:I49,"Presente")+COUNTIF(D49:I49,"Tardanza") -> 4 | K49: =COUNTIF(D49:I49,"Ausente") -> 2 | L49: =IFERROR(J49/6,0) -> 0.66666667
A50: 12 | J50: =COUNTIF(D50:I50,"Presente")+COUNTIF(D50:I50,"Tardanza") -> 0 | K50: =COUNTIF(D50:I50,"Ausente") -> 0 | L50: =IFERROR(J50/6,0) -> 0
A51: 13 | J51: =COUNTIF(D51:I51,"Presente")+COUNTIF(D51:I51,"Tardanza") -> 0 | K51: =COUNTIF(D51:I51,"Ausente") -> 0 | L51: =IFERROR(J51/6,0) -> 0
A52: 14 | J52: =COUNTIF(D52:I52,"Presente")+COUNTIF(D52:I52,"Tardanza") -> 0 | K52: =COUNTIF(D52:I52,"Ausente") -> 0 | L52: =IFERROR(J52/6,0) -> 0
A53: 15 | J53: =COUNTIF(D53:I53,"Presente")+COUNTIF(D53:I53,"Tardanza") -> 0 | K53: =COUNTIF(D53:I53,"Ausente") -> 0 | L53: =IFERROR(J53/6,0) -> 0
A54: 16 | J54: =COUNTIF(D54:I54,"Presente")+COUNTIF(D54:I54,"Tardanza") -> 0 | K54: =COUNTIF(D54:I54,"Ausente") -> 0 | L54: =IFERROR(J54/6,0) -> 0
A55: 17 | J55: =COUNTIF(D55:I55,"Presente")+COUNTIF(D55:I55,"Tardanza") -> 0 | K55: =COUNTIF(D55:I55,"Ausente") -> 0 | L55: =IFERROR(J55/6,0) -> 0
A56: 18 | J56: =COUNTIF(D56:I56,"Presente")+COUNTIF(D56:I56,"Tardanza") -> 0 | K56: =COUNTIF(D56:I56,"Ausente") -> 0 | L56: =IFERROR(J56/6,0) -> 0
A57: 19 | J57: =COUNTIF(D57:I57,"Presente")+COUNTIF(D57:I57,"Tardanza") -> 0 | K57: =COUNTIF(D57:I57,"Ausente") -> 0 | L57: =IFERROR(J57/6,0) -> 0
A58: 20 | J58: =COUNTIF(D58:I58,"Presente")+COUNTIF(D58:I58,"Tardanza") -> 0 | K58: =COUNTIF(D58:I58,"Ausente") -> 0 | L58: =IFERROR(J58/6,0) -> 0
A59: 21 | J59: =COUNTIF(D59:I59,"Presente")+COUNTIF(D59:I59,"Tardanza") -> 0 | K59: =COUNTIF(D59:I59,"Ausente") -> 0 | L59: =IFERROR(J59/6,0) -> 0
A60: 22 | J60: =COUNTIF(D60:I60,"Presente")+COUNTIF(D60:I60,"Tardanza") -> 0 | K60: =COUNTIF(D60:I60,"Ausente") -> 0 | L60: =IFERROR(J60/6,0) -> 0
A61: 23 | J61: =COUNTIF(D61:I61,"Presente")+COUNTIF(D61:I61,"Tardanza") -> 0 | K61: =COUNTIF(D61:I61,"Ausente") -> 0 | L61: =IFERROR(J61/6,0) -> 0
... A68: 30 | J68: =COUNTIF(D68:I68,"Presente")+COUNTIF(D68:I68,"Tardanza") -> 0 | K68: =COUNTIF(D68:I68,"Ausente") -> 0 | L68: =IFERROR(J68/6,0) -> 0

Sheet 🏫 TERRITORIO
A1: 🏫 REGISTRO DE VISITAS A TERRITORIO
A2: Desbloqueos, cambio de pilas y diagnóstico en escuelas — Región 1
A4: # | B4: N° OT | C4: Fecha | D4: Escuela | E4: CUE | F4: Distrito | G4: N° de Serie | H4: Estado Inicial | I4: Acción | J4: Grupo | K4: Responsable | L4: Estado Final | M4: Observaciones | P4: Responsables (no borrar)
A5: =IF(G5<>"",ROW()-4,"") -> 1 | B5: =IF(G5<>"","OT-2026-"&TEXT(ROW()-4,"000"),"") -> OT-2026-001 | C5: 46210 | D5: LA PLATA | ESCUELA DE EDUCACIÓN PRIMARIA N° 2 PROF. ANDRES FERREYRA (CUE: 60881800) | E5: =IFERROR(VLOOKUP(D5,'🗂️ DATA_ESCUELAS'!$A:$D,2,0),"") -> 60881800 | F5: =IFERROR(VLOOKUP(D5,'🗂️ DATA_ESCUELAS'!$A:$D,3,0),"") -> LA PLATA | G5: SZSES10IS232513800 | H5: Bloqueada | I5: Desbloqueo + Cambio de Pila, Actualización de SO | J5: Grupo 2 | K5: Pinilla, Alexis | L5: Finalizada OK | M5: tiene roto el boton de encendido y en una esquina tiene oscura la pantalla | P5: ='🏅 RANKING'!B4 -> Kovach, Ludmila
A6: =IF(G6<>"",ROW()-4,"") -> 2 | B6: =IF(G6<>"","OT-2026-"&TEXT(ROW()-4,"000"),"") -> OT-2026-002 | C6: 46210 | D6: LA PLATA | ESCUELA DE EDUCACIÓN PRIMARIA N° 2 PROF. ANDRES FERREYRA (CUE: 60881800) | E6: =IFERROR(VLOOKUP(D6,'🗂️ DATA_ESCUELAS'!$A:$D,2,0),"") -> 60881800 | F6: =IFERROR(VLOOKUP(D6,'🗂️ DATA_ESCUELAS'!$A:$D,3,0),"") -> LA PLATA | G6: SZSES10IS232301340 | H6: Bloqueada | I6: Desbloqueo + Cambio de Pila, Actualización de SO | J6: Grupo 2 | K6: Lorenzetti, Axel | L6: Finalizada OK | P6: ='🏅 RANKING'!B5 -> Terraza, Brian
A7: =IF(G7<>"",ROW()-4,"") -> 3 | B7: =IF(G7<>"","OT-2026-"&TEXT(ROW()-4,"000"),"") -> OT-2026-003 | C7: 46210 | D7: LA PLATA | ESCUELA DE EDUCACIÓN PRIMARIA N° 2 PROF. ANDRES FERREYRA (CUE: 60881800) | E7: =IFERROR(VLOOKUP(D7,'🗂️ DATA_ESCUELAS'!$A:$D,2,0),"") -> 60881800 | F7: =IFERROR(VLOOKUP(D7,'🗂️ DATA_ESCUELAS'!$A:$D,3,0),"") -> LA PLATA | G7: SZSES10IS2323024565 | H7: Diagnosticada | I7: Otro | J7: Grupo 2 | K7: Mottin, Francisco | L7: Derivada | M7: cambiar pantalla | P7: ='🏅 RANKING'!B6 -> Pedrozo, Lorena
A8: =IF(G8<>"",ROW()-4,"") -> 4 | B8: =IF(G8<>"","OT-2026-"&TEXT(ROW()-4,"000"),"") -> OT-2026-004 | C8: 46210 | D8: LA PLATA | ESCUELA DE EDUCACIÓN PRIMARIA N° 2 PROF. ANDRES FERREYRA (CUE: 60881800) | E8: =IFERROR(VLOOKUP(D8,'🗂️ DATA_ESCUELAS'!$A:$D,2,0),"") -> 60881800 | F8: =IFERROR(VLOOKUP(D8,'🗂️ DATA_ESCUELAS'!$A:$D,3,0),"") -> LA PLATA | G8: EDU8126576 | H8: Diagnosticada | I8: Otro | J8: Grupo 2 | K8: Mottin, Francisco | L8: Derivada | M8: queda la pantalla en blanco | P8: ='🏅 RANKING'!B7 -> Cáceres, Santiago
A9: =IF(G9<>"",ROW()-4,"") -> 5 | B9: =IF(G9<>"","OT-2026-"&TEXT(ROW()-4,"000"),"") -> OT-2026-005 | C9: 46210 | D9: LA PLATA | ESCUELA DE EDUCACIÓN PRIMARIA N° 2 PROF. ANDRES FERREYRA (CUE: 60881800) | E9: =IFERROR(VLOOKUP(D9,'🗂️ DATA_ESCUELAS'!$A:$D,2,0),"") -> 60881800 | F9: =IFERROR(VLOOKUP(D9,'🗂️ DATA_ESCUELAS'!$A:$D,3,0),"") -> LA PLATA | G9: SZSES10IS232513444 | H9: Diagnosticada | I9: Otro | J9: Grupo 2 | K9: Mottin, Francisco | L9: Derivada | M9: cambiar pantalla | P9: ='🏅 RANKING'!B8 -> Aguilera, Thiago
A10: =IF(G10<>"",ROW()-4,"") -> 6 | B10: =IF(G10<>"","OT-2026-"&TEXT(ROW()-4,"000"),"") -> OT-2026-006 | C10: 46210 | D10: LA PLATA | ESCUELA DE EDUCACIÓN PRIMARIA N° 2 PROF. ANDRES FERREYRA (CUE: 60881800) | E10: =IFERROR(VLOOKUP(D10,'🗂️ DATA_ESCUELAS'!$A:$D,2,0),"") -> 60881800 | F10: =IFERROR(VLOOKUP(D10,'🗂️ DATA_ESCUELAS'!$A:$D,3,0),"") -> LA PLATA | G10: S/N | H10: SO Instalado | I10: Actualización de SO | J10: Grupo 2 | K10: Mottin, Francisco | L10: Finalizada OK | M10: en la esquina derecha de arriba de la pantalla esta oscuro | P10: ='🏅 RANKING'!B9 -> Simonetti, Tomás
A11: =IF(G12<>"",ROW()-4,"") -> 7 | B11: =IF(G12<>"","OT-2026-"&TEXT(ROW()-4,"000"),"") -> OT-2026-007 | C11: 46210 | D11: LA PLATA | ESCUELA DE EDUCACIÓN PRIMARIA N° 2 PROF. ANDRES FERREYRA (CUE: 60881800) | E11: =IFERROR(VLOOKUP(D11,'🗂️ DATA_ESCUELAS'!$A:$D,2,0),"") -> 60881800 | F11: =IFERROR(VLOOKUP(D11,'🗂️ DATA_ESCUELAS'!$A:$D,3,0),"") -> LA PLATA | G11: SZSES10IS232513687 | H11: Bloqueada | I11: Desbloqueo, Actualización de SO | J11: Grupo 2 | K11: Silvio Ridolfi (FED) | L11: Finalizada OK | P11: ='🏅 RANKING'!B10 -> Pinilla, Alexis
A12: =IF(G13<>"",ROW()-4,"") -> 8 | B12: =IF(G13<>"","OT-2026-"&TEXT(ROW()-4,"000"),"") -> OT-2026-008 | C12: 46210 | D12: LA PLATA | ESCUELA DE EDUCACIÓN PRIMARIA N° 2 PROF. ANDRES FERREYRA (CUE: 60881800) | E12: =IFERROR(VLOOKUP(D12,'🗂️ DATA_ESCUELAS'!$A:$D,2,0),"") -> 60881800 | F12: =IFERROR(VLOOKUP(D12,'🗂️ DATA_ESCUELAS'!$A:$D,3,0),"") -> LA PLATA | G12: EDU8125658 | H12: SO Instalado | I12: Actualización de SO | J12: Grupo 2 | K12: Mottin, Francisco | L12: Finalizada OK | M12: le falta la tecla f9 | P12: ='🏅 RANKING'!B11 -> Lorenzetti, Axel
A13: =IF(G13<>"",ROW()-4,"") -> 9 | B13: =IF(G13<>"","OT-2026-"&TEXT(ROW()-4,"000"),"") -> OT-2026-009 | C13: 46210 | D13: LA PLATA | ESCUELA DE EDUCACIÓN PRIMARIA N° 2 PROF. ANDRES FERREYRA (CUE: 60881800) | E13: =IFERROR(VLOOKUP(D13,'🗂️ DATA_ESCUELAS'!$A:$D,2,0),"") -> 60881800 | F13: =IFERROR(VLOOKUP(D13,'🗂️ DATA_ESCUELAS'!$A:$D,3,0),"") -> LA PLATA | G13: SZSES10IS2323301344 | H13: Bloqueada | I13: Desbloqueo | J13: Grupo 2 | K13: Lorenzetti, Axel | L13: Finalizada OK | M13: Se cambia botón de encendido | P13: ='🏅 RANKING'!B12 -> Leal, Benjamín
A14: =IF(G14<>"",ROW()-4,"") -> 10 | B14: =IF(G14<>"","OT-2026-"&TEXT(ROW()-4,"000"),"") -> OT-2026-010 | C14: 46210 | D14: LA PLATA | ESCUELA DE EDUCACIÓN PRIMARIA N° 2 PROF. ANDRES FERREYRA (CUE: 60881800) | E14: =IFERROR(VLOOKUP(D14,'🗂️ DATA_ESCUELAS'!$A:$D,2,0),"") -> 60881800 | F14: =IFERROR(VLOOKUP(D14,'🗂️ DATA_ESCUELAS'!$A:$D,3,0),"") -> LA PLATA | G14: EDU8123076 | H14: SO Instalado | I14: Actualización de SO | J14: Grupo 2 | K14: Mottin, Francisco | L14: Finalizada OK | P14: ='🏅 RANKING'!B13 -> Calascibetta, Felipe
A15: =IF(G15<>"",ROW()-4,"") -> 11 | B15: =IF(G15<>"","OT-2026-"&TEXT(ROW()-4,"000"),"") -> OT-2026-011 | C15: 46210 | D15: LA PLATA | ESCUELA DE EDUCACIÓN PRIMARIA N° 2 PROF. ANDRES FERREYRA (CUE: 60881800) | E15: =IFERROR(VLOOKUP(D15,'🗂️ DATA_ESCUELAS'!$A:$D,2,0),"") -> 60881800 | F15: =IFERROR(VLOOKUP(D15,'🗂️ DATA_ESCUELAS'!$A:$D,3,0),"") -> LA PLATA | G15: SZSES10IS232513787 | H15: Bloqueada | I15: Desbloqueo | J15: Grupo 2 | K15: Pinilla, Alexis | L15: Finalizada OK | P15: ='🏅 RANKING'!B14 -> Mottin, Francisco
A16: =IF(G16<>"",ROW()-4,"") -> 12 | B16: =IF(G16<>"","OT-2026-"&TEXT(ROW()-4,"000"),"") -> OT-2026-012 | C16: 46210 | D16: LA PLATA | ESCUELA DE EDUCACIÓN PRIMARIA N° 2 PROF. ANDRES FERREYRA (CUE: 60881800) | E16: =IFERROR(VLOOKUP(D16,'🗂️ DATA_ESCUELAS'!$A:$D,2,0),"") -> 60881800 | F16: =IFERROR(VLOOKUP(D16,'🗂️ DATA_ESCUELAS'!$A:$D,3,0),"") -> LA PLATA | G16: S/N | H16: Bloqueada | I16: Desbloqueo, Actualización de SO | J16: Grupo 2 | K16: Silvio Ridolfi (FED) | L16: Finalizada OK | P16: ='🏅 RANKING'!B15 -> Cappelletti, Sofía
A17: =IF(G17<>"",ROW()-4,"") -> 13 | B17: =IF(G17<>"","OT-2026-"&TEXT(ROW()-4,"000"),"") -> OT-2026-013 | C17: 46210 | D17: LA PLATA | ESCUELA DE EDUCACIÓN PRIMARIA N° 2 PROF. ANDRES FERREYRA (CUE: 60881800) | E17: =IFERROR(VLOOKUP(D17,'🗂️ DATA_ESCUELAS'!$A:$D,2,0),"") -> 60881800 | F17: =IFERROR(VLOOKUP(D17,'🗂️ DATA_ESCUELAS'!$A:$D,3,0),"") -> LA PLATA | G17: SZSES10IS232513784 | H17: Bloqueada | I17: Desbloqueo, Actualización de SO | J17: Grupo 2 | K17: Silvio Ridolfi (FED) | L17: Finalizada OK | P17: Silvio Ridolfi (FED)
A18: =IF(G18<>"",ROW()-4,"") -> 14 | B18: =IF(G18<>"","OT-2026-"&TEXT(ROW()-4,"000"),"") -> OT-2026-014 | C18: 46210 | D18: LA PLATA | ESCUELA DE EDUCACIÓN PRIMARIA N° 2 PROF. ANDRES FERREYRA (CUE: 60881800) | E18: =IFERROR(VLOOKUP(D18,'🗂️ DATA_ESCUELAS'!$A:$D,2,0),"") -> 60881800 | F18: =IFERROR(VLOOKUP(D18,'🗂️ DATA_ESCUELAS'!$A:$D,3,0),"") -> LA PLATA | G18: EDU8125735 | H18: Bloqueada | I18: Desbloqueo | J18: Grupo 2 | K18: Silvio Ridolfi (FED) | L18: Derivada | M18: tiene la pantalla rota
A19: =IF(G19<>"",ROW()-4,"") -> 15 | B19: =IF(G19<>"","OT-2026-"&TEXT(ROW()-4,"000"),"") -> OT-2026-015 | C19: 46210 | D19: LA PLATA | ESCUELA DE EDUCACIÓN PRIMARIA N° 2 PROF. ANDRES FERREYRA (CUE: 60881800) | E19: =IFERROR(VLOOKUP(D19,'🗂️ DATA_ESCUELAS'!$A:$D,2,0),"") -> 60881800 | F19: =IFERROR(VLOOKUP(D19,'🗂️ DATA_ESCUELAS'!$A:$D,3,0),"") -> LA PLATA | G19: S/N | H19: Bloqueada | I19: Desbloqueo | J19: Grupo 2 | K19: Mottin, Francisco | L19: Finalizada OK | M19: No funciona teclado
A20: =IF(G20<>"",ROW()-4,"") -> 16 | B20: =IF(G20<>"","OT-2026-"&TEXT(ROW()-4,"000"),"") -> OT-2026-016 | C20: 46210 | D20: LA PLATA | ESCUELA DE EDUCACIÓN PRIMARIA N° 2 PROF. ANDRES FERREYRA (CUE: 60881800) | E20: =IFERROR(VLOOKUP(D20,'🗂️ DATA_ESCUELAS'!$A:$D,2,0),"") -> 60881800 | F20: =IFERROR(VLOOKUP(D20,'🗂️ DATA_ESCUELAS'!$A:$D,3,0),"") -> LA PLATA | G20: NET 12 | H20: Desbloqueada | I20: Otro | K20: Silvio Ridolfi (FED) | L20: Derivada | M20: PANTALLA ROTA
A21: =IF(G21<>"",ROW()-4,"") -> 17 | B21: =IF(G21<>"","OT-2026-"&TEXT(ROW()-4,"000"),"") -> OT-2026-017 | C21: 46210 | D21: LA PLATA | ESCUELA DE EDUCACIÓN PRIMARIA N° 2 PROF. ANDRES FERREYRA (CUE: 60881800) | E21: =IFERROR(VLOOKUP(D21,'🗂️ DATA_ESCUELAS'!$A:$D,2,0),"") -> 60881800 | F21: =IFERROR(VLOOKUP(D21,'🗂️ DATA_ESCUELAS'!$A:$D,3,0),"") -> LA PLATA | G21: NET 16 | H21: Desbloqueada | I21: Otro | K21: Silvio Ridolfi (FED) | L21: Finalizada OK
A22: =IF(G22<>"",ROW()-4,"") -> 18 | B22: =IF(G22<>"","OT-2026-"&TEXT(ROW()-4,"000"),"") -> OT-2026-018 | C22: 46210 | D22: LA PLATA | ESCUELA DE EDUCACIÓN PRIMARIA N° 2 PROF. ANDRES FERREYRA (CUE: 60881800) | E22: =IFERROR(VLOOKUP(D22,'🗂️ DATA_ESCUELAS'!$A:$D,2,0),"") -> 60881800 | F22: =IFERROR(VLOOKUP(D22,'🗂️ DATA_ESCUELAS'!$A:$D,3,0),"") -> LA PLATA | G22: NET 18 | H22: Desbloqueada | I22: Otro | K22: Silvio Ridolfi (FED) | L22: Finalizada OK
A23: =IF(G23<>"",ROW()-4,"") -> 19 | B23: =IF(G23<>"","OT-2026-"&TEXT(ROW()-4,"000"),"") -> OT-2026-019 | C23: 46210 | D23: LA PLATA | ESCUELA DE EDUCACIÓN PRIMARIA N° 2 PROF. ANDRES FERREYRA (CUE: 60881800) | E23: =IFERROR(VLOOKUP(D23,'🗂️ DATA_ESCUELAS'!$A:$D,2,0),"") -> 60881800 | F23: =IFERROR(VLOOKUP(D23,'🗂️ DATA_ESCUELAS'!$A:$D,3,0),"") -> LA PLATA | G23: NET 8 | H23: Desbloqueada | I23: Otro | K23: Silvio Ridolfi (FED) | L23: Finalizada OK
A24: =IF(G24<>"",ROW()-4,"") -> 20 | B24: =IF(G24<>"","OT-2026-"&TEXT(ROW()-4,"000"),"") -> OT-2026-020 | C24: 46210 | D24: LA PLATA | ESCUELA DE EDUCACIÓN PRIMARIA N° 2 PROF. ANDRES FERREYRA (CUE: 60881800) | E24: =IFERROR(VLOOKUP(D24,'🗂️ DATA_ESCUELAS'!$A:$D,2,0),"") -> 60881800 | F24: =IFERROR(VLOOKUP(D24,'🗂️ DATA_ESCUELAS'!$A:$D,3,0),"") -> LA PLATA | G24: NET 2 | H24: Desbloqueada | I24: Otro | K24: Silvio Ridolfi (FED) | L24: Derivada | M24: Sin botón de encendido
A25: =IF(G25<>"",ROW()-4,"") | B25: =IF(G25<>"","OT-2026-"&TEXT(ROW()-4,"000"),"") | E25: =IFERROR(VLOOKUP(D25,'🗂️ DATA_ESCUELAS'!$A:$D,2,0),"") | F25: =IFERROR(VLOOKUP(D25,'🗂️ DATA_ESCUELAS'!$A:$D,3,0),"")
A26: =IF(G26<>"",ROW()-4,"") | B26: =IF(G26<>"","OT-2026-"&TEXT(ROW()-4,"000"),"") | E26: =IFERROR(VLOOKUP(D26,'🗂️ DATA_ESCUELAS'!$A:$D,2,0),"") | F26: =IFERROR(VLOOKUP(D26,'🗂️ DATA_ESCUELAS'!$A:$D,3,0),"")
A27: =IF(G27<>"",ROW()-4,"") | B27: =IF(G27<>"","OT-2026-"&TEXT(ROW()-4,"000"),"") | E27: =IFERROR(VLOOKUP(D27,'🗂️ DATA_ESCUELAS'!$A:$D,2,0),"") | F27: =IFERROR(VLOOKUP(D27,'🗂️ DATA_ESCUELAS'!$A:$D,3,0),"")
A28: =IF(G28<>"",ROW()-4,"") | B28: =IF(G28<>"","OT-2026-"&TEXT(ROW()-4,"000"),"") | E28: =IFERROR(VLOOKUP(D28,'🗂️ DATA_ESCUELAS'!$A:$D,2,0),"") | F28: =IFERROR(VLOOKUP(D28,'🗂️ DATA_ESCUELAS'!$A:$D,3,0),"")
A29: =IF(G29<>"",ROW()-4,"") | B29: =IF(G29<>"","OT-2026-"&TEXT(ROW()-4,"000"),"") | E29: =IFERROR(VLOOKUP(D29,'🗂️ DATA_ESCUELAS'!$A:$D,2,0),"") | F29: =IFERROR(VLOOKUP(D29,'🗂️ DATA_ESCUELAS'!$A:$D,3,0),"")
A30: =IF(G30<>"",ROW()-4,"") | B30: =IF(G30<>"","OT-2026-"&TEXT(ROW()-4,"000"),"") | E30: =IFERROR(VLOOKUP(D30,'🗂️ DATA_ESCUELAS'!$A:$D,2,0),"") | F30: =IFERROR(VLOOKUP(D30,'🗂️ DATA_ESCUELAS'!$A:$D,3,0),"")
A31: =IF(G31<>"",ROW()-4,"") | B31: =IF(G31<>"","OT-2026-"&TEXT(ROW()-4,"000"),"") | E31: =IFERROR(VLOOKUP(D31,'🗂️ DATA_ESCUELAS'!$A:$D,2,0),"") | F31: =IFERROR(VLOOKUP(D31,'🗂️ DATA_ESCUELAS'!$A:$D,3,0),"")
A32: =IF(G32<>"",ROW()-4,"") | B32: =IF(G32<>"","OT-2026-"&TEXT(ROW()-4,"000"),"") | E32: =IFERROR(VLOOKUP(D32,'🗂️ DATA_ESCUELAS'!$A:$D,2,0),"") | F32: =IFERROR(VLOOKUP(D32,'🗂️ DATA_ESCUELAS'!$A:$D,3,0),"")
A33: =IF(G33<>"",ROW()-4,"") | B33: =IF(G33<>"","OT-2026-"&TEXT(ROW()-4,"000"),"") | E33: =IFERROR(VLOOKUP(D33,'🗂️ DATA_ESCUELAS'!$A:$D,2,0),"") | F33: =IFERROR(VLOOKUP(D33,'🗂️ DATA_ESCUELAS'!$A:$D,3,0),"")
A34: =IF(G34<>"",ROW()-4,"") | B34: =IF(G34<>"","OT-2026-"&TEXT(ROW()-4,"000"),"") | E34: =IFERROR(VLOOKUP(D34,'🗂️ DATA_ESCUELAS'!$A:$D,2,0),"") | F34: =IFERROR(VLOOKUP(D34,'🗂️ DATA_ESCUELAS'!$A:$D,3,0),"")
A35: =IF(G35<>"",ROW()-4,"") | B35: =IF(G35<>"","OT-2026-"&TEXT(ROW()-4,"000"),"") | E35: =IFERROR(VLOOKUP(D35,'🗂️ DATA_ESCUELAS'!$A:$D,2,0),"") | F35: =IFERROR(VLOOKUP(D35,'🗂️ DATA_ESCUELAS'!$A:$D,3,0),"")
A36: =IF(G36<>"",ROW()-4,"") | B36: =IF(G36<>"","OT-2026-"&TEXT(ROW()-4,"000"),"") | E36: =IFERROR(VLOOKUP(D36,'🗂️ DATA_ESCUELAS'!$A:$D,2,0),"") | F36: =IFERROR(VLOOKUP(D36,'🗂️ DATA_ESCUELAS'!$A:$D,3,0),"")
... A253: =IF(G253<>"",ROW()-4,"") | B253: =IF(G253<>"","OT-2026-"&TEXT(ROW()-4,"000"),"") | E253: =IFERROR(VLOOKUP(D253,'🗂️ DATA_ESCUELAS'!$A:$D,2,0),"") | F253: =IFERROR(VLOOKUP(D253,'🗂️ DATA_ESCUELAS'!$A:$D,3,0),"")
A254: =IF(G254<>"",ROW()-4,"") | B254: =IF(G254<>"","OT-TER-2026-"&TEXT(ROW()-4,"000"),"") | E254: =IFERROR(VLOOKUP(D254,'🗂️ DATA_ESCUELAS'!$A:$D,2,0),"") | F254: =IFERROR(VLOOKUP(D254,'🗂️ DATA_ESCUELAS'!$A:$D,3,0),"")
A255: =IF(G255<>"",ROW()-4,"") | B255: =IF(G255<>"","OT-TER-2026-"&TEXT(ROW()-4,"000"),"") | E255: =IFERROR(VLOOKUP(D255,'🗂️ DATA_ESCUELAS'!$A:$D,2,0),"") | F255: =IFERROR(VLOOKUP(D255,'🗂️ DATA_ESCUELAS'!$A:$D,3,0),"")
A256: =IF(G256<>"",ROW()-4,"") | B256: =IF(G256<>"","OT-TER-2026-"&TEXT(ROW()-4,"000"),"") | E256: =IFERROR(VLOOKUP(D256,'🗂️ DATA_ESCUELAS'!$A:$D,2,0),"") | F256: =IFERROR(VLOOKUP(D256,'🗂️ DATA_ESCUELAS'!$A:$D,3,0),"")
A257: =IF(G257<>"",ROW()-4,"") | B257: =IF(G257<>"","OT-TER-2026-"&TEXT(ROW()-4,"000"),"") | E257: =IFERROR(VLOOKUP(D257,'🗂️ DATA_ESCUELAS'!$A:$D,2,0),"") | F257: =IFERROR(VLOOKUP(D257,'🗂️ DATA_ESCUELAS'!$A:$D,3,0),"")
A258: =IF(G258<>"",ROW()-4,"") | B258: =IF(G258<>"","OT-TER-2026-"&TEXT(ROW()-4,"000"),"") | E258: =IFERROR(VLOOKUP(D258,'🗂️ DATA_ESCUELAS'!$A:$D,2,0),"") | F258: =IFERROR(VLOOKUP(D258,'🗂️ DATA_ESCUELAS'!$A:$D,3,0),"")
A259: =IF(G259<>"",ROW()-4,"") | B259: =IF(G259<>"","OT-TER-2026-"&TEXT(ROW()-4,"000"),"") | E259: =IFERROR(VLOOKUP(D259,'🗂️ DATA_ESCUELAS'!$A:$D,2,0),"") | F259: =IFERROR(VLOOKUP(D259,'🗂️ DATA_ESCUELAS'!$A:$D,3,0),"")
A260: =IF(G260<>"",ROW()-4,"") | B260: =IF(G260<>"","OT-TER-2026-"&TEXT(ROW()-4,"000"),"") | E260: =IFERROR(VLOOKUP(D260,'🗂️ DATA_ESCUELAS'!$A:$D,2,0),"") | F260: =IFERROR(VLOOKUP(D260,'🗂️ DATA_ESCUELAS'!$A:$D,3,0),"")
A261: =IF(G261<>"",ROW()-4,"") | B261: =IF(G261<>"","OT-TER-2026-"&TEXT(ROW()-4,"000"),"") | E261: =IFERROR(VLOOKUP(D261,'🗂️ DATA_ESCUELAS'!$A:$D,2,0),"") | F261: =IFERROR(VLOOKUP(D261,'🗂️ DATA_ESCUELAS'!$A:$D,3,0),"")
A262: =IF(G262<>"",ROW()-4,"") | B262: =IF(G262<>"","OT-TER-2026-"&TEXT(ROW()-4,"000"),"") | E262: =IFERROR(VLOOKUP(D262,'🗂️ DATA_ESCUELAS'!$A:$D,2,0),"") | F262: =IFERROR(VLOOKUP(D262,'🗂️ DATA_ESCUELAS'!$A:$D,3,0),"")
A263: =IF(G263<>"",ROW()-4,"") | B263: =IF(G263<>"","OT-TER-2026-"&TEXT(ROW()-4,"000"),"") | E263: =IFERROR(VLOOKUP(D263,'🗂️ DATA_ESCUELAS'!$A:$D,2,0),"") | F263: =IFERROR(VLOOKUP(D263,'🗂️ DATA_ESCUELAS'!$A:$D,3,0),"")
A264: =IF(G264<>"",ROW()-4,"") | B264: =IF(G264<>"","OT-TER-2026-"&TEXT(ROW()-4,"000"),"") | E264: =IFERROR(VLOOKUP(D264,'🗂️ DATA_ESCUELAS'!$A:$D,2,0),"") | F264: =IFERROR(VLOOKUP(D264,'🗂️ DATA_ESCUELAS'!$A:$D,3,0),"")
A265: =IF(G265<>"",ROW()-4,"") | B265: =IF(G265<>"","OT-TER-2026-"&TEXT(ROW()-4,"000"),"") | E265: =IFERROR(VLOOKUP(D265,'🗂️ DATA_ESCUELAS'!$A:$D,2,0),"") | F265: =IFERROR(VLOOKUP(D265,'🗂️ DATA_ESCUELAS'!$A:$D,3,0),"")
... A500: =IF(G500<>"",ROW()-4,"") | B500: =IF(G500<>"","OT-TER-2026-"&TEXT(ROW()-4,"000"),"") | E500: =IFERROR(VLOOKUP(D500,'🗂️ DATA_ESCUELAS'!$A:$D,2,0),"") | F500: =IFERROR(VLOOKUP(D500,'🗂️ DATA_ESCUELAS'!$A:$D,3,0),"")

Sheet 🔧 OT
A1: 🔧 ÓRDENES DE TRABAJO
A2: Registro completo de intervenciones | OT-2026-XXX
A3: # | B3: N° OT | C3: Fecha | D3: Equipo (N° Serie) | E3: Formato | F3: Generación | G3: Grupo | H3: Responsable | I3: Estado Inicial | J3: Hs. Est. | K3: Hs. Real | L3: Historial de Intervenciones | M3: Observaciones | N3: Estado Final
A4: 1 | B4: =IF(D4<>"","OT-2026-"&TEXT(ROW()-3,"000"),"") -> OT-2026-001 | C4: 46189 | D4: AA4163047472 | E4: =IFERROR(__xludf.DUMMYFUNCTION("IF(D4="""", """", IF(REGEXMATCH(TO_TEXT(D4), ""^(AA\d{10}|EDU\d{7}|\d+|SZSES10IS\d{9})$""), ""✅"", ""⚠️""))"),"✅") -> ✅ | F4: G4 | G4: Grupo 2 | H4: Lorenzetti, Axel | I4: =IFERROR(__xludf.DUMMYFUNCTION("IF(D4="""", """", IFERROR(VLOOKUP(TO_TEXT(D4), '💻 EQUIPOS'!B:H, 7, 0), """"))"),"Bloqueada") -> Bloqueada | J4: 60m | K4: 43m | L4: se desbloqueo | M4: esta roto el conector del teclado,disco actual es de 160,se cambia por uno de 320,queda para reutilizar un disco de 160,funciona mal la pantalla | N4: Finalizada OK
A5: 2 | B5: =IF(D5<>"","OT-2026-"&TEXT(ROW()-3,"000"),"") -> OT-2026-002 | C5: 46189 | D5: AA1183076736 | E5: =IFERROR(__xludf.DUMMYFUNCTION("IF(D5="""", """", IF(REGEXMATCH(TO_TEXT(D5), ""^(AA\d{10}|EDU\d{7}|\d+|SZSES10IS\d{9})$""), ""✅"", ""⚠️""))"),"✅") -> ✅ | F5: G4 | G5: Grupo 2 | H5: Lorenzetti, Axel | I5: =IFERROR(__xludf.DUMMYFUNCTION("IF(D5="""", """", IFERROR(VLOOKUP(TO_TEXT(D5), '💻 EQUIPOS'!B:H, 7, 0), """"))"),"Bloqueada") -> Bloqueada | J5: 45m | K5: 55m | L5: se desbloqueo | M5: se desbloqueo,falta testear ya se instaló el SO, no le andan las teclas X,C y V | N5: Finalizada OK
A6: 3 | B6: =IF(D6<>"","OT-2026-"&TEXT(ROW()-3,"000"),"") -> OT-2026-003 | C6: 46190 | D6: AA3313139031 | E6: =IFERROR(__xludf.DUMMYFUNCTION("IF(D6="""", """", IF(REGEXMATCH(TO_TEXT(D6), ""^(AA\d{10}|EDU\d{7}|\d+|SZSES10IS\d{9})$""), ""✅"", ""⚠️""))"),"✅") -> ✅ | F6: G4 | G6: Grupo 1 | H6: Terraza, Brian | I6: =IFERROR(__xludf.DUMMYFUNCTION("IF(D6="""", """", IFERROR(VLOOKUP(TO_TEXT(D6), '💻 EQUIPOS'!B:H, 7, 0), """"))"),"Bloqueada") -> Bloqueada | J6: 60m | K6: 45m | L6: se desbloqueo | M6: se desbloqueo,esta rota la pantalla, | N6: Finalizada OK
A7: 4 | B7: =IF(D7<>"","OT-2026-"&TEXT(ROW()-3,"000"),"") -> OT-2026-004 | C7: 46190 | D7: AA1313665703 | E7: =IFERROR(__xludf.DUMMYFUNCTION("IF(D7="""", """", IF(REGEXMATCH(TO_TEXT(D7), ""^(AA\d{10}|EDU\d{7}|\d+|SZSES10IS\d{9})$""), ""✅"", ""⚠️""))"),"✅") -> ✅ | F7: G4 | G7: Grupo 1 | H7: Terraza, Brian | I7: =IFERROR(__xludf.DUMMYFUNCTION("IF(D7="""", """", IFERROR(VLOOKUP(TO_TEXT(D7), '💻 EQUIPOS'!B:H, 7, 0), """"))"),"Bloqueada") -> Bloqueada | J7: 40m | K7: 55m | L7: se desbloqueo | M7: Pulsador de botón encendido está roto, no tiene bateria | N7: Derivada
A8: 5 | B8: =IF(D8<>"","OT-2026-"&TEXT(ROW()-3,"000"),"") -> OT-2026-005 | C8: 46191 | D8: AA1183077623 | E8: =IFERROR(__xludf.DUMMYFUNCTION("IF(D8="""", """", IF(REGEXMATCH(TO_TEXT(D8), ""^(AA\d{10}|EDU\d{7}|\d+|SZSES10IS\d{9})$""), ""✅"", ""⚠️""))"),"✅") -> ✅ | F8: G4 | G8: Grupo 2 | H8: Leal, Benjamín | I8: =IFERROR(__xludf.DUMMYFUNCTION("IF(D8="""", """", IFERROR(VLOOKUP(TO_TEXT(D8), '💻 EQUIPOS'!B:H, 7, 0), """"))"),"Bloqueada") -> Bloqueada | J8: 60m | K8: 50m | L8: se desbloqueo | M8: se desbloqueo, enciende pero no tiene pila, se le instalo so, | N8: Finalizada OK
A9: 6 | B9: =IF(D9<>"","OT-2026-"&TEXT(ROW()-3,"000"),"") -> OT-2026-006 | C9: 46191 | D9: AA6053091118 | E9: =IFERROR(__xludf.DUMMYFUNCTION("IF(D9="""", """", IF(REGEXMATCH(TO_TEXT(D9), ""^(AA\d{10}|EDU\d{7}|\d+|SZSES10IS\d{9})$""), ""✅"", ""⚠️""))"),"✅") -> ✅ | F9: G4 | G9: Grupo 2 | H9: Lorenzetti, Axel | I9: =IFERROR(__xludf.DUMMYFUNCTION("IF(D9="""", """", IFERROR(VLOOKUP(TO_TEXT(D9), '💻 EQUIPOS'!B:H, 7, 0), """"))"),"Bloqueada") -> Bloqueada | J9: 60m | K9: 55m | L9: se desbloqueo | M9: se desbloqueo, se le instalo SO, le falta pila | N9: Finalizada OK
A10: 7 | B10: =IF(D10<>"","OT-2026-"&TEXT(ROW()-3,"000"),"") -> OT-2026-007 | C10: 46191 | D10: AA1314016444 | E10: =IFERROR(__xludf.DUMMYFUNCTION("IF(D10="""", """", IF(REGEXMATCH(TO_TEXT(D10), ""^(AA\d{10}|EDU\d{7}|\d+|SZSES10IS\d{9})$""), ""✅"", ""⚠️""))"),"✅") -> ✅ | F10: G4 | G10: Grupo 2 | H10: Lorenzetti, Axel | I10: =IFERROR(__xludf.DUMMYFUNCTION("IF(D10="""", """", IFERROR(VLOOKUP(TO_TEXT(D10), '💻 EQUIPOS'!B:H, 7, 0), """"))"),"Bloqueada") -> Bloqueada | J10: 45m | K10: 45m | L10: se desbloqueo | M10: se desbloqueo, no tiene pila, se instalo SO | N10: Finalizada OK
A11: 8 | B11: =IF(D11<>"","OT-2026-"&TEXT(ROW()-3,"000"),"") -> OT-2026-008 | C11: 46191 | D11: AA7313123510 | E11: =IFERROR(__xludf.DUMMYFUNCTION("IF(D11="""", """", IF(REGEXMATCH(TO_TEXT(D11), ""^(AA\d{10}|EDU\d{7}|\d+|SZSES10IS\d{9})$""), ""✅"", ""⚠️""))"),"✅") -> ✅ | F11: G4 | G11: Grupo 1 | H11: Terraza, Brian | I11: =IFERROR(__xludf.DUMMYFUNCTION("IF(D11="""", """", IFERROR(VLOOKUP(TO_TEXT(D11), '💻 EQUIPOS'!B:H, 7, 0), """"))"),"Bloqueada") -> Bloqueada | J11: 45m | K11: 55m | L11: se desbloqueo | M11: se desbloqueo, no tiene pila, se le debe instalar so, tiene la pantalla rota. se restauro imagen original de CI | N11: Finalizada OK
A12: 9 | B12: =IF(D12<>"","OT-2026-"&TEXT(ROW()-3,"000"),"") -> OT-2026-009 | C12: 46195 | D12: AA1053101377 | E12: =IFERROR(__xludf.DUMMYFUNCTION("IF(D12="""", """", IF(REGEXMATCH(TO_TEXT(D12), ""^(AA\d{10}|EDU\d{7}|\d+|SZSES10IS\d{9})$""), ""✅"", ""⚠️""))"),"✅") -> ✅ | F12: G4 | G12: Grupo 1 | H12: Terraza, Brian | I12: =IFERROR(__xludf.DUMMYFUNCTION("IF(D12="""", """", IFERROR(VLOOKUP(TO_TEXT(D12), '💻 EQUIPOS'!B:H, 7, 0), """"))"),"Bloqueada") -> Bloqueada | J12: 50m | K12: 60m | L12: se desbloqueo | M12: pende, se desbloqueo y falta la bateria | N12: Finalizada OK
A13: 10 | B13: =IF(D13<>"","OT-2026-"&TEXT(ROW()-3,"000"),"") -> OT-2026-010 | C13: 46195 | D13: AA8313127584 | E13: =IFERROR(__xludf.DUMMYFUNCTION("IF(D13="""", """", IF(REGEXMATCH(TO_TEXT(D13), ""^(AA\d{10}|EDU\d{7}|\d+|SZSES10IS\d{9})$""), ""✅"", ""⚠️""))"),"✅") -> ✅ | F13: G4 | G13: Grupo 2 | H13: Mottin, Francisco | I13: =IFERROR(__xludf.DUMMYFUNCTION("IF(D13="""", """", IFERROR(VLOOKUP(TO_TEXT(D13), '💻 EQUIPOS'!B:H, 7, 0), """"))"),"Bloqueada") -> Bloqueada | J13: 60m | L13: se desbloqueo | M13: prende, esta blequeada, pero no prende pantalla | N13: Finalizada OK
A14: 11 | B14: =IF(D14<>"","OT-2026-"&TEXT(ROW()-3,"000"),"") -> OT-2026-011 | C14: 46195 | D14: AA4313133415 | E14: =IFERROR(__xludf.DUMMYFUNCTION("IF(D14="""", """", IF(REGEXMATCH(TO_TEXT(D14), ""^(AA\d{10}|EDU\d{7}|\d+|SZSES10IS\d{9})$""), ""✅"", ""⚠️""))"),"✅") -> ✅ | F14: G4 | G14: Grupo 1 | H14: Kovach, Ludmila | I14: =IFERROR(__xludf.DUMMYFUNCTION("IF(D14="""", """", IFERROR(VLOOKUP(TO_TEXT(D14), '💻 EQUIPOS'!B:H, 7, 0), """"))"),"Bloqueada") -> Bloqueada | J14: 60m | L14: se desbloqueo | M14: no tiene teclado, no tiene bateria, se desbloqueo, hace falta sistema operativo y se cambio el disco duro, no le anda la pantalla, se traba en la instalacion de SO | N14: Pendiente
A15: 12 | B15: =IF(D15<>"","OT-2026-"&TEXT(ROW()-3,"000"),"") -> OT-2026-012 | C15: 46195 | D15: AA2183061905 | E15: =IFERROR(__xludf.DUMMYFUNCTION("IF(D15="""", """", IF(REGEXMATCH(TO_TEXT(D15), ""^(AA\d{10}|EDU\d{7}|\d+|SZSES10IS\d{9})$""), ""✅"", ""⚠️""))"),"✅") -> ✅ | F15: G4 | G15: Grupo 1 | H15: Terraza, Brian | I15: =IFERROR(__xludf.DUMMYFUNCTION("IF(D15="""", """", IFERROR(VLOOKUP(TO_TEXT(D15), '💻 EQUIPOS'!B:H, 7, 0), """"))"),"Bloqueada") -> Bloqueada | J15: 60m | L15: se desbloqueo | M15: no tiene teclado, no enciende, tenia un cable suelto, asi que puede ser que por eso no enciende, el touch pad estaba mal conectado | N15: Finalizada OK
A16: 13 | B16: =IF(D16<>"","OT-2026-"&TEXT(ROW()-3,"000"),"") -> OT-2026-013 | C16: 46196 | D16: AA9313652710 | E16: =IFERROR(__xludf.DUMMYFUNCTION("IF(D16="""", """", IF(REGEXMATCH(TO_TEXT(D16), ""^(AA\d{10}|EDU\d{7}|\d+|SZSES10IS\d{9})$""), ""✅"", ""⚠️""))"),"✅") -> ✅ | F16: G4 | G16: Grupo 2 | H16: Pinilla, Alexis | I16: =IFERROR(__xludf.DUMMYFUNCTION("IF(D16="""", """", IFERROR(VLOOKUP(TO_TEXT(D16), '💻 EQUIPOS'!B:H, 7, 0), """"))"),"Bloqueada") -> Bloqueada | J16: 60m | K16: 55m | L16: se desbloqueo | M16: enciende, le faltan dos teclas | N16: Finalizada OK
A17: 14 | B17: =IF(D17<>"","OT-2026-"&TEXT(ROW()-3,"000"),"") -> OT-2026-014 | C17: 46196 | D17: AA5313039059 | E17: =IFERROR(__xludf.DUMMYFUNCTION("IF(D17="""", """", IF(REGEXMATCH(TO_TEXT(D17), ""^(AA\d{10}|EDU\d{7}|\d+|SZSES10IS\d{9})$""), ""✅"", ""⚠️""))"),"✅") -> ✅ | F17: G4 | G17: Grupo 2 | H17: Lorenzetti, Axel | I17: =IFERROR(__xludf.DUMMYFUNCTION("IF(D17="""", """", IFERROR(VLOOKUP(TO_TEXT(D17), '💻 EQUIPOS'!B:H, 7, 0), """"))"),"Desbloqueada") -> Desbloqueada | J17: 60m | K17: 5m | L17: se desbloqueo | M17: enciende, le falta teclado, le falta la pila, hay que cambiar la pantalla, estaba desbloqueada | N17: Finalizada OK
A18: 15 | B18: =IF(D18<>"","OT-2026-"&TEXT(ROW()-3,"000"),"") -> OT-2026-015 | C18: 46196 | D18: AA6034019513 | E18: =IFERROR(__xludf.DUMMYFUNCTION("IF(D18="""", """", IF(REGEXMATCH(TO_TEXT(D18), ""^(AA\d{10}|EDU\d{7}|\d+|SZSES10IS\d{9})$""), ""✅"", ""⚠️""))"),"✅") -> ✅ | F18: G4 | G18: Grupo 2 | H18: Lorenzetti, Axel | I18: =IFERROR(__xludf.DUMMYFUNCTION("IF(D18="""", """", IFERROR(VLOOKUP(TO_TEXT(D18), '💻 EQUIPOS'!B:H, 7, 0), """"))"),"Bloqueada") -> Bloqueada | J18: 60m | K18: 30m | L18: se desbloqueo | M18: enciende, pantalla rota | N18: Finalizada OK
A19: 16 | B19: =IF(D19<>"","OT-2026-"&TEXT(ROW()-3,"000"),"") -> OT-2026-016 | C19: 46196 | D19: AA0313635369 | E19: =IFERROR(__xludf.DUMMYFUNCTION("IF(D19="""", """", IF(REGEXMATCH(TO_TEXT(D19), ""^(AA\d{10}|EDU\d{7}|\d+|SZSES10IS\d{9})$""), ""✅"", ""⚠️""))"),"✅") -> ✅ | F19: G4 | G19: Grupo 1 | H19: Aguilera, Thiago | I19: =IFERROR(__xludf.DUMMYFUNCTION("IF(D19="""", """", IFERROR(VLOOKUP(TO_TEXT(D19), '💻 EQUIPOS'!B:H, 7, 0), """"))"),"Bloqueada") -> Bloqueada | J19: 60m | K19: 35m | L19: se desbloqueo | M19: enciende, desbloqueada, le falla el puerto USB de la drechaho | N19: Finalizada OK
A20: 17 | B20: =IF(D20<>"","OT-2026-"&TEXT(ROW()-3,"000"),"") -> OT-2026-017 | C20: 46196 | D20: AA8164091529 | E20: =IFERROR(__xludf.DUMMYFUNCTION("IF(D20="""", """", IF(REGEXMATCH(TO_TEXT(D20), ""^(AA\d{10}|EDU\d{7}|\d+|SZSES10IS\d{9})$""), ""✅"", ""⚠️""))"),"✅") -> ✅ | F20: G4 | G20: Grupo 2 | H20: Mottin, Francisco | I20: =IFERROR(__xludf.DUMMYFUNCTION("IF(D20="""", """", IFERROR(VLOOKUP(TO_TEXT(D20), '💻 EQUIPOS'!B:H, 7, 0), """"))"),"Bloqueada") -> Bloqueada | J20: 60m | K20: 60m | L20: se desbloqueo | M20: enciende, no tiene bateria, estaba desbloqueada, hay que descargarle el drive de wifi, se le tuvo que colocar un teclado | N20: Configurando
A21: 18 | B21: =IF(D21<>"","OT-2026-"&TEXT(ROW()-3,"000"),"") -> OT-2026-018 | C21: 46196 | D21: AA5314032042 | E21: =IFERROR(__xludf.DUMMYFUNCTION("IF(D21="""", """", IF(REGEXMATCH(TO_TEXT(D21), ""^(AA\d{10}|EDU\d{7}|\d+|SZSES10IS\d{9})$""), ""✅"", ""⚠️""))"),"✅") -> ✅ | F21: G4 | G21: Grupo 1 | H21: Aguilera, Thiago | I21: =IFERROR(__xludf.DUMMYFUNCTION("IF(D21="""", """", IFERROR(VLOOKUP(TO_TEXT(D21), '💻 EQUIPOS'!B:H, 7, 0), """"))"),"Bloqueada") -> Bloqueada | J21: 30m | K21: 40m | L21: se desbloqueo | M21: enciende, tiene la pantalla rota, le falta la tecla bloq mayús, no tiene boton de encendido, no butea | N21: Pendiente
A22: 19 | B22: =IF(D22<>"","OT-2026-"&TEXT(ROW()-3,"000"),"") -> OT-2026-019 | C22: 46197 | D22: AA8313652851 | E22: =IFERROR(__xludf.DUMMYFUNCTION("IF(D22="""", """", IF(REGEXMATCH(TO_TEXT(D22), ""^(AA\d{10}|EDU\d{7}|\d+|SZSES10IS\d{9})$""), ""✅"", ""⚠️""))"),"✅") -> ✅ | F22: G4 | G22: Grupo 1 | H22: Kovach, Ludmila | I22: =IFERROR(__xludf.DUMMYFUNCTION("IF(D22="""", """", IFERROR(VLOOKUP(TO_TEXT(D22), '💻 EQUIPOS'!B:H, 7, 0), """"))"),"Bloqueada") -> Bloqueada | J22: 40m | K22: 50m | L22: se desbloqueo | M22: Le falta la tecla de ordinales, tiene la pantalla rota, no tiene bateria, no da imagen, no butea. Queda de repuesto | N22: Derivada
A23: 20 | B23: =IF(D23<>"","OT-2026-"&TEXT(ROW()-3,"000"),"") -> OT-2026-020 | C23: 46197 | D23: AA1053674988 | E23: =IFERROR(__xludf.DUMMYFUNCTION("IF(D23="""", """", IF(REGEXMATCH(TO_TEXT(D23), ""^(AA\d{10}|EDU\d{7}|\d+|SZSES10IS\d{9})$""), ""✅"", ""⚠️""))"),"✅") -> ✅ | F23: G4 | G23: Grupo 1 | H23: Terraza, Brian | I23: =IFERROR(__xludf.DUMMYFUNCTION("IF(D23="""", """", IFERROR(VLOOKUP(TO_TEXT(D23), '💻 EQUIPOS'!B:H, 7, 0), """"))"),"Bloqueada") -> Bloqueada | J23: 30M | K23: 30m | L23: se desbloqueo | M23: esta desbloqueada, tiene la manija rota, no butean. Queda de repuesto | N23: Derivada
A24: 21 | B24: =IF(D24<>"","OT-2026-"&TEXT(ROW()-3,"000"),"") -> OT-2026-021 | C24: 46197 | D24: AA9313096665 | E24: =IFERROR(__xludf.DUMMYFUNCTION("IF(D24="""", """", IF(REGEXMATCH(TO_TEXT(D24), ""^(AA\d{10}|EDU\d{7}|\d+|SZSES10IS\d{9})$""), ""✅"", ""⚠️""))"),"✅") -> ✅ | F24: G4 | G24: Grupo 1 | H24: Kovach, Ludmila | I24: =IFERROR(__xludf.DUMMYFUNCTION("IF(D24="""", """", IFERROR(VLOOKUP(TO_TEXT(D24), '💻 EQUIPOS'!B:H, 7, 0), """"))"),"Bloqueada") -> Bloqueada | J24: 60m | K24: 50m | L24: se desbloqueo | M24: Estaba desbloqueado y no tenia bateria. Queda para repuesto | N24: Derivada
A25: 22 | B25: =IF(D25<>"","OT-2026-"&TEXT(ROW()-3,"000"),"") -> OT-2026-022 | C25: 46197 | D25: AA1313122997 | E25: =IFERROR(__xludf.DUMMYFUNCTION("IF(D25="""", """", IF(REGEXMATCH(TO_TEXT(D25), ""^(AA\d{10}|EDU\d{7}|\d+|SZSES10IS\d{9})$""), ""✅"", ""⚠️""))"),"✅") -> ✅ | F25: G4 | G25: Grupo 2 | H25: Mottin, Francisco | I25: =IFERROR(__xludf.DUMMYFUNCTION("IF(D25="""", """", IFERROR(VLOOKUP(TO_TEXT(D25), '💻 EQUIPOS'!B:H, 7, 0), """"))"),"SO Instalado") -> SO Instalado | J25: 30m | K25: 30m | L25: se desbloqueo | M25: Enciende, no tiene bateria | N25: Finalizada OK
A26: 23 | B26: =IF(D26<>"","OT-2026-"&TEXT(ROW()-3,"000"),"") -> OT-2026-023 | C26: 46197 | D26: AA8164087864 | E26: =IFERROR(__xludf.DUMMYFUNCTION("IF(D26="""", """", IF(REGEXMATCH(TO_TEXT(D26), ""^(AA\d{10}|EDU\d{7}|\d+|SZSES10IS\d{9})$""), ""✅"", ""⚠️""))"),"✅") -> ✅ | F26: G4 | G26: Grupo 1 | H26: Terraza, Brian | I26: =IFERROR(__xludf.DUMMYFUNCTION("IF(D26="""", """", IFERROR(VLOOKUP(TO_TEXT(D26), '💻 EQUIPOS'!B:H, 7, 0), """"))"),"Desbloqueada") -> Desbloqueada | J26: 60m | K26: 5m | L26: se desbloqueo | M26: No tiene teclado, y le falta la bateria | N26: Derivada
A27: 24 | B27: =IF(D27<>"","OT-2026-"&TEXT(ROW()-3,"000"),"") -> OT-2026-024 | C27: 46197 | D27: AA1313621268 | E27: =IFERROR(__xludf.DUMMYFUNCTION("IF(D27="""", """", IF(REGEXMATCH(TO_TEXT(D27), ""^(AA\d{10}|EDU\d{7}|\d+|SZSES10IS\d{9})$""), ""✅"", ""⚠️""))"),"✅") -> ✅ | F27: G4 | G27: Grupo 2 | H27: Mottin, Francisco | I27: =IFERROR(__xludf.DUMMYFUNCTION("IF(D27="""", """", IFERROR(VLOOKUP(TO_TEXT(D27), '💻 EQUIPOS'!B:H, 7, 0), """"))"),"Desbloqueada") -> Desbloqueada | J27: 60m | K27: 50m | L27: se desbloqueo | M27: Tenia problemas en el boton , pantalla oscura, manija rota | N27: Finalizada OK
A28: 25 | B28: =IF(D28<>"","OT-2026-"&TEXT(ROW()-3,"000"),"") -> OT-2026-025 | C28: 46197 | D28: AA7033016030 | E28: =IFERROR(__xludf.DUMMYFUNCTION("IF(D28="""", """", IF(REGEXMATCH(TO_TEXT(D28), ""^(AA\d{10}|EDU\d{7}|\d+|SZSES10IS\d{9})$""), ""✅"", ""⚠️""))"),"✅") -> ✅ | F28: G4 | G28: Grupo 2 | H28: Mottin, Francisco | I28: =IFERROR(__xludf.DUMMYFUNCTION("IF(D28="""", """", IFERROR(VLOOKUP(TO_TEXT(D28), '💻 EQUIPOS'!B:H, 7, 0), """"))"),"Bloqueada") -> Bloqueada | J28: 60m | L28: se desbloqueo | M28: enciende, no anda el monitor, cambiar el disco duro | N28: Pendiente
A29: 26 | B29: =IF(D29<>"","OT-2026-"&TEXT(ROW()-3,"000"),"") -> OT-2026-026 | C29: 46197 | D29: AA8164119582 | E29: =IFERROR(__xludf.DUMMYFUNCTION("IF(D29="""", """", IF(REGEXMATCH(TO_TEXT(D29), ""^(AA\d{10}|EDU\d{7}|\d+|SZSES10IS\d{9})$""), ""✅"", ""⚠️""))"),"✅") -> ✅ | F29: G4 | G29: Grupo 2 | H29: Mottin, Francisco | I29: =IFERROR(__xludf.DUMMYFUNCTION("IF(D29="""", """", IFERROR(VLOOKUP(TO_TEXT(D29), '💻 EQUIPOS'!B:H, 7, 0), """"))"),"Bloqueada") -> Bloqueada | J29: 60m | L29: se desbloqueo | M29: Le falta la antena de TDA | N29: Finalizada OK
A30: 27 | B30: =IF(D30<>"","OT-2026-"&TEXT(ROW()-3,"000"),"") -> OT-2026-027 | C30: 46198 | D30: AA5313128248 | E30: =IFERROR(__xludf.DUMMYFUNCTION("IF(D30="""", """", IF(REGEXMATCH(TO_TEXT(D30), ""^(AA\d{10}|EDU\d{7}|\d+|SZSES10IS\d{9})$""), ""✅"", ""⚠️""))"),"✅") -> ✅ | F30: G4 | G30: Grupo 2 | H30: Lorenzetti, Axel | I30: =IFERROR(__xludf.DUMMYFUNCTION("IF(D30="""", """", IFERROR(VLOOKUP(TO_TEXT(D30), '💻 EQUIPOS'!B:H, 7, 0), """"))"),"Bloqueada") -> Bloqueada | J30: 60m | K30: 47m | L30: se desbloqueo | M30: enciende, desbloqueada | N30: Finalizada OK
A31: 28 | B31: =IF(D31<>"","OT-2026-"&TEXT(ROW()-3,"000"),"") -> OT-2026-028 | C31: 46198 | D31: AA5313133610 | E31: =IFERROR(__xludf.DUMMYFUNCTION("IF(D31="""", """", IF(REGEXMATCH(TO_TEXT(D31), ""^(AA\d{10}|EDU\d{7}|\d+|SZSES10IS\d{9})$""), ""✅"", ""⚠️""))"),"✅") -> ✅ | F31: G4 | G31: Grupo 2 | H31: Pinilla, Alexis | I31: =IFERROR(__xludf.DUMMYFUNCTION("IF(D31="""", """", IFERROR(VLOOKUP(TO_TEXT(D31), '💻 EQUIPOS'!B:H, 7, 0), """"))"),"Bloqueada") -> Bloqueada | J31: 60m | K31: 42m | L31: se desbloqueo | M31: enciende, le falta la letra supr | N31: Finalizada OK
A32: 29 | B32: =IF(D32<>"","OT-2026-"&TEXT(ROW()-3,"000"),"") -> OT-2026-029 | C32: 46198 | D32: AA3313631371 | E32: =IFERROR(__xludf.DUMMYFUNCTION("IF(D32="""", """", IF(REGEXMATCH(TO_TEXT(D32), ""^(AA\d{10}|EDU\d{7}|\d+|SZSES10IS\d{9})$""), ""✅"", ""⚠️""))"),"✅") -> ✅ | F32: G4 | G32: Grupo 2 | H32: Pinilla, Alexis | I32: =IFERROR(__xludf.DUMMYFUNCTION("IF(D32="""", """", IFERROR(VLOOKUP(TO_TEXT(D32), '💻 EQUIPOS'!B:H, 7, 0), """"))"),"Bloqueada") -> Bloqueada | J32: 60m | K32: 60m | L32: se desbloqueo | M32: enciende, no anda la pantalla, no tiene el teclado | N32: Finalizada OK
A33: 30 | B33: =IF(D33<>"","OT-2026-"&TEXT(ROW()-3,"000"),"") -> OT-2026-030 | C33: 46198 | D33: AA8164125172 | E33: =IFERROR(__xludf.DUMMYFUNCTION("IF(D33="""", """", IF(REGEXMATCH(TO_TEXT(D33), ""^(AA\d{10}|EDU\d{7}|\d+|SZSES10IS\d{9})$""), ""✅"", ""⚠️""))"),"✅") -> ✅ | F33: G4 | G33: Grupo 2 | H33: Cáceres, Santiago | I33: =IFERROR(__xludf.DUMMYFUNCTION("IF(D33="""", """", IFERROR(VLOOKUP(TO_TEXT(D33), '💻 EQUIPOS'!B:H, 7, 0), """"))"),"Bloqueada") -> Bloqueada | J33: 60m | K33: 48m | L33: se desbloqueo | M33: enciende, desbloqueada, da imagen, anda el wifi, anda el usb, anda el teclado completo, anda el vga, anda el touchpad, anda el audio | N33: Finalizada OK
A34: 31 | B34: =IF(D34<>"","OT-2026-"&TEXT(ROW()-3,"000"),"") -> OT-2026-031 | C34: 46198 | D34: AA0326026495 | E34: =IFERROR(__xludf.DUMMYFUNCTION("IF(D34="""", """", IF(REGEXMATCH(TO_TEXT(D34), ""^(AA\d{10}|EDU\d{7}|\d+|SZSES10IS\d{9})$""), ""✅"", ""⚠️""))"),"✅") -> ✅ | F34: G5 | G34: Grupo 2 | H34: Lorenzetti, Axel | I34: =IFERROR(__xludf.DUMMYFUNCTION("IF(D34="""", """", IFERROR(VLOOKUP(TO_TEXT(D34), '💻 EQUIPOS'!B:H, 7, 0), """"))"),"Bloqueada") -> Bloqueada | J34: 60m | K34: 45m | L34: se desbloqueo | M34: enciende, pantalla rota, se la lleva el fed de berisso | N34: Finalizada OK
A35: 32 | B35: =IF(D35<>"","OT-2026-"&TEXT(ROW()-3,"000"),"") -> OT-2026-032 | C35: 46198 | D35: AA8164087878 | E35: =IFERROR(__xludf.DUMMYFUNCTION("IF(D35="""", """", IF(REGEXMATCH(TO_TEXT(D35), ""^(AA\d{10}|EDU\d{7}|\d+|SZSES10IS\d{9})$""), ""✅"", ""⚠️""))"),"✅") -> ✅ | F35: G5 | G35: Grupo 1 | H35: Aguilera, Thiago | I35: =IFERROR(__xludf.DUMMYFUNCTION("IF(D35="""", """", IFERROR(VLOOKUP(TO_TEXT(D35), '💻 EQUIPOS'!B:H, 7, 0), """"))"),"Bloqueada") -> Bloqueada | J35: 60m | K35: 60m | L35: se desbloqueo | M35: REVISA EL PROFESOR NO TOCAR, la intervino Silvio | N35: Finalizada OK
A36: 33 | B36: =IF(D36<>"","OT-2026-"&TEXT(ROW()-3,"000"),"") -> OT-2026-033 | C36: 46198 | D36: AA7861001986 | E36: =IFERROR(__xludf.DUMMYFUNCTION("IF(D36="""", """", IF(REGEXMATCH(TO_TEXT(D36), ""^(AA\d{10}|EDU\d{7}|\d+|SZSES10IS\d{9})$""), ""✅"", ""⚠️""))"),"✅") -> ✅ | F36: G8 | G36: Grupo 1 | H36: Aguilera, Thiago | I36: =IFERROR(__xludf.DUMMYFUNCTION("IF(D36="""", """", IFERROR(VLOOKUP(TO_TEXT(D36), '💻 EQUIPOS'!B:H, 7, 0), """"))"),"Bloqueada") -> Bloqueada | J36: 60m | K36: 60m | L36: se desbloqueo | M36: NO TOCAR, SE ENCARGA EL PROFESOR, la intervino Silvio | N36: Finalizada OK
A37: 34 | B37: =IF(D37<>"","OT-2026-"&TEXT(ROW()-3,"000"),"") -> OT-2026-034 | C37: 46202 | D37: AA1313122485 | E37: =IFERROR(__xludf.DUMMYFUNCTION("IF(D37="""", """", IF(REGEXMATCH(TO_TEXT(D37), ""^(AA\d{10}|EDU\d{7}|\d+|SZSES10IS\d{9})$""), ""✅"", ""⚠️""))"),"✅") -> ✅ | F37: G4 | G37: Grupo 1 | H37: Cáceres, Santiago | I37: =IFERROR(__xludf.DUMMYFUNCTION("IF(D37="""", """", IFERROR(VLOOKUP(TO_TEXT(D37), '💻 EQUIPOS'!B:H, 7, 0), """"))"),"Bloqueada") -> Bloqueada | J37: 45m | K37: 60m | L37: se desbloqueo | M37: No tiene bateria, tiene el disco dañado y esta bloqueada, se reviso el disco duro y funciona, ya se desbloqueo, da imagen, anda el wifi, anda el audio, anda el touchpad, anda el vga, anda el usb, anda el teclado | N37: Finalizada OK
A38: 35 | B38: =IF(D38<>"","OT-2026-"&TEXT(ROW()-3,"000"),"") -> OT-2026-035 | C38: 46202 | D38: AA9163603786 | E38: =IFERROR(__xludf.DUMMYFUNCTION("IF(D38="""", """", IF(REGEXMATCH(TO_TEXT(D38), ""^(AA\d{10}|EDU\d{7}|\d+|SZSES10IS\d{9})$""), ""✅"", ""⚠️""))"),"✅") -> ✅ | F38: G4 | G38: Grupo 1 | H38: Simonetti, Tomás | I38: =IFERROR(__xludf.DUMMYFUNCTION("IF(D38="""", """", IFERROR(VLOOKUP(TO_TEXT(D38), '💻 EQUIPOS'!B:H, 7, 0), """"))"),"Recibida") -> Recibida | J38: 60m | K38: 60m | L38: Se usa como respuestos | M38: Esta roto el conector de la placa madre, queda como repuesto, se esta limpiando el disco | N38: Derivada
A39: 36 | B39: =IF(D39<>"","OT-2026-"&TEXT(ROW()-3,"000"),"") -> OT-2026-036 | C39: 46202 | D39: AA6183076205 | E39: =IFERROR(__xludf.DUMMYFUNCTION("IF(D39="""", """", IF(REGEXMATCH(TO_TEXT(D39), ""^(AA\d{10}|EDU\d{7}|\d+|SZSES10IS\d{9})$""), ""✅"", ""⚠️""))"),"✅") -> ✅ | F39: G4 | G39: Grupo 1 | H39: Cáceres, Santiago | I39: =IFERROR(__xludf.DUMMYFUNCTION("IF(D39="""", """", IFERROR(VLOOKUP(TO_TEXT(D39), '💻 EQUIPOS'!B:H, 7, 0), """"))"),"Desbloqueada") -> Desbloqueada | J39: 60m | K39: 50m | L39: Esta desbloqueada, tiene el disco dañado, se le cambio el disco, ya se instalo el sistema operativo | M39: Esta dañado el grub, anda el wifi, anda el sonido, anda el touchpad, anda el teclado completo | N39: Finalizada OK
A40: 37 | B40: =IF(D40<>"","OT-2026-"&TEXT(ROW()-3,"000"),"") -> OT-2026-037 | C40: 46202 | D40: AA0313123073 | E40: =IFERROR(__xludf.DUMMYFUNCTION("IF(D40="""", """", IF(REGEXMATCH(TO_TEXT(D40), ""^(AA\d{10}|EDU\d{7}|\d+|SZSES10IS\d{9})$""), ""✅"", ""⚠️""))"),"✅") -> ✅ | F40: G4 | G40: Grupo 1 | H40: Simonetti, Tomás | I40: =IFERROR(__xludf.DUMMYFUNCTION("IF(D40="""", """", IFERROR(VLOOKUP(TO_TEXT(D40), '💻 EQUIPOS'!B:H, 7, 0), """"))"),"Bloqueada") -> Bloqueada | J40: 60m | K40: 60m | L40: Se desbloqueo, se le tiene que instalar sistema operativo | M40: Esta bloqueada y tiene la pantalla rota, no tiene bateria, anda el vga, anda el audio, anda el wifi, anda el touchpad, anda el teclado, tira error de escritura del disco | N40: Finalizada OK
A41: 38 | B41: =IF(D41<>"","OT-2026-"&TEXT(ROW()-3,"000"),"") -> OT-2026-038 | C41: 46202 | D41: AA3313607599 | E41: =IFERROR(__xludf.DUMMYFUNCTION("IF(D41="""", """", IF(REGEXMATCH(TO_TEXT(D41), ""^(AA\d{10}|EDU\d{7}|\d+|SZSES10IS\d{9})$""), ""✅"", ""⚠️""))"),"✅") -> ✅ | F41: G4 | G41: Grupo 1 | H41: Kovach, Ludmila | I41: =IFERROR(__xludf.DUMMYFUNCTION("IF(D41="""", """", IFERROR(VLOOKUP(TO_TEXT(D41), '💻 EQUIPOS'!B:H, 7, 0), """"))"),"Bloqueada") -> Bloqueada | J41: 50m | K41: 60m | L41: Se desbloqueo, queda como repuesto | M41: Esta bloqueada, tiene la pantalla rota y no le anda el teclado, no tiene bateria | N41: Derivada
A42: 39 | B42: =IF(D42<>"","OT-2026-"&TEXT(ROW()-3,"000"),"") -> OT-2026-039 | C42: 46202 | D42: AA3313117793 | E42: =IFERROR(__xludf.DUMMYFUNCTION("IF(D42="""", """", IF(REGEXMATCH(TO_TEXT(D42), ""^(AA\d{10}|EDU\d{7}|\d+|SZSES10IS\d{9})$""), ""✅"", ""⚠️""))"),"✅") -> ✅ | F42: G4 | G42: Grupo 1 | H42: Kovach, Ludmila | I42: =IFERROR(__xludf.DUMMYFUNCTION("IF(D42="""", """", IFERROR(VLOOKUP(TO_TEXT(D42), '💻 EQUIPOS'!B:H, 7, 0), """"))"),"Bloqueada") -> Bloqueada | J42: 50m | K42: 50m | L42: Se desbloqueo | M42: No tiene bateria y esta bloqueada, tira un error en la instalacion del sistema operativo y hay que cambiar el disco | N42: Pendiente
A43: 40 | B43: =IF(D43<>"","OT-2026-"&TEXT(ROW()-3,"000"),"") -> OT-2026-040 | C43: 46202 | D43: AA9023626990 | E43: =IFERROR(__xludf.DUMMYFUNCTION("IF(D43="""", """", IF(REGEXMATCH(TO_TEXT(D43), ""^(AA\d{10}|EDU\d{7}|\d+|SZSES10IS\d{9})$""), ""✅"", ""⚠️""))"),"✅") -> ✅ | F43: G4 | G43: Grupo 1 | H43: Pedrozo, Lorena | I43: =IFERROR(__xludf.DUMMYFUNCTION("IF(D43="""", """", IFERROR(VLOOKUP(TO_TEXT(D43), '💻 EQUIPOS'!B:H, 7, 0), """"))"),"Bloqueada") -> Bloqueada | J43: 60m | K43: 45m | L43: Se desbloqueo | M43: Esta bloqueada, se apaga apenas se prende, una de las tablas que conecta el teclado a la placa esta dañada, se le instalo SO | N43: Finalizada OK
A44: 41 | B44: =IF(D44<>"","OT-2026-"&TEXT(ROW()-3,"000"),"") -> OT-2026-041 | C44: 46203 | D44: AA3037034891 | E44: =IFERROR(__xludf.DUMMYFUNCTION("IF(D44="""", """", IF(REGEXMATCH(TO_TEXT(D44), ""^(AA\d{10}|EDU\d{7}|\d+|SZSES10IS\d{9})$""), ""✅"", ""⚠️""))"),"✅") -> ✅ | F44: G6 | G44: Grupo 2 | H44: Calascibetta, Felipe | I44: =IFERROR(__xludf.DUMMYFUNCTION("IF(D44="""", """", IFERROR(VLOOKUP(TO_TEXT(D44), '💻 EQUIPOS'!B:H, 7, 0), """"))"),"Desbloqueada") -> Desbloqueada | J44: 40m | K44: 15m | L44: se le reinstalo SO | M44: enciende, estaba desbloqueada, se le reinstalo SO, tenia cargador | N44: Finalizada OK
A45: 42 | B45: =IF(D45<>"","OT-2026-"&TEXT(ROW()-3,"000"),"") -> OT-2026-042 | C45: 46203 | D45: AA7037036510 | E45: =IFERROR(__xludf.DUMMYFUNCTION("IF(D45="""", """", IF(REGEXMATCH(TO_TEXT(D45), ""^(AA\d{10}|EDU\d{7}|\d+|SZSES10IS\d{9})$""), ""✅"", ""⚠️""))"),"✅") -> ✅ | F45: G6 | G45: Grupo 2 | H45: Calascibetta, Felipe | I45: =IFERROR(__xludf.DUMMYFUNCTION("IF(D45="""", """", IFERROR(VLOOKUP(TO_TEXT(D45), '💻 EQUIPOS'!B:H, 7, 0), """"))"),"Desbloqueada") -> Desbloqueada | J45: 40m | K45: 35m | L45: se le reinstalo SO | M45: enciende, estaba desbloqueada, se le reinstalo SO, tenia cargador | N45: Finalizada OK
A46: 43 | B46: =IF(D46<>"","OT-2026-"&TEXT(ROW()-3,"000"),"") -> OT-2026-043 | C46: 46203 | D46: AA6037034333 | E46: =IFERROR(__xludf.DUMMYFUNCTION("IF(D46="""", """", IF(REGEXMATCH(TO_TEXT(D46), ""^(AA\d{10}|EDU\d{7}|\d+|SZSES10IS\d{9})$""), ""✅"", ""⚠️""))"),"✅") -> ✅ | F46: G6 | G46: Grupo 2 | H46: Calascibetta, Felipe | I46: =IFERROR(__xludf.DUMMYFUNCTION("IF(D46="""", """", IFERROR(VLOOKUP(TO_TEXT(D46), '💻 EQUIPOS'!B:H, 7, 0), """"))"),"Desbloqueada") -> Desbloqueada | J46: 45m | K46: 25m | L46: se le reinstalo SO | M46: enciende, estaba desbloqueada, se le reinstalo SO, tenia cargador | N46: Finalizada OK
A47: 44 | B47: =IF(D47<>"","OT-2026-"&TEXT(ROW()-3,"000"),"") -> OT-2026-044 | C47: 46203 | D47: AA0187071400 | E47: =IFERROR(__xludf.DUMMYFUNCTION("IF(D47="""", """", IF(REGEXMATCH(TO_TEXT(D47), ""^(AA\d{10}|EDU\d{7}|\d+|SZSES10IS\d{9})$""), ""✅"", ""⚠️""))"),"✅") -> ✅ | F47: G5 | G47: Grupo 2 | H47: Pinilla, Alexis | I47: =IFERROR(__xludf.DUMMYFUNCTION("IF(D47="""", """", IFERROR(VLOOKUP(TO_TEXT(D47), '💻 EQUIPOS'!B:H, 7, 0), """"))"),"Bloqueada") -> Bloqueada | J47: 50m | K47: 25m | L47: se desbloqueo, se le reinstalo SO | M47: enciende, estaba bloqueada, no tenia cargador | N47: Finalizada OK
A48: 45 | B48: =IF(D48<>"","OT-2026-"&TEXT(ROW()-3,"000"),"") -> OT-2026-045 | C48: 46203 | D48: AA0187067705 | E48: =IFERROR(__xludf.DUMMYFUNCTION("IF(D48="""", """", IF(REGEXMATCH(TO_TEXT(D48), ""^(AA\d{10}|EDU\d{7}|\d+|SZSES10IS\d{9})$""), ""✅"", ""⚠️""))"),"✅") -> ✅ | F48: G5 | G48: Grupo 2 | H48: Cappelletti, Sofía | I48: =IFERROR(__xludf.DUMMYFUNCTION("IF(D48="""", """", IFERROR(VLOOKUP(TO_TEXT(D48), '💻 EQUIPOS'!B:H, 7, 0), """"))"),"Bloqueada") -> Bloqueada | J48: 50m | K48: 40m | L48: se desbloqueo, se reinstalo SO | M48: enciende, se desbloqueo, le falta la tecla f11, no tenia cargador | N48: Finalizada OK
A49: 46 | B49: =IF(D49<>"","OT-2026-"&TEXT(ROW()-3,"000"),"") -> OT-2026-046 | C49: 46203 | D49: AA4187067180 | E49: =IFERROR(__xludf.DUMMYFUNCTION("IF(D49="""", """", IF(REGEXMATCH(TO_TEXT(D49), ""^(AA\d{10}|EDU\d{7}|\d+|SZSES10IS\d{9})$""), ""✅"", ""⚠️""))"),"✅") -> ✅ | F49: G5 | G49: Grupo 2 | H49: Pinilla, Alexis | I49: =IFERROR(__xludf.DUMMYFUNCTION("IF(D49="""", """", IFERROR(VLOOKUP(TO_TEXT(D49), '💻 EQUIPOS'!B:H, 7, 0), """"))"),"Bloqueada") -> Bloqueada | J49: 30m | K49: 27m | L49: se desbloqueo | M49: enciende, se desbloquo, no tenia cargador | N49: Finalizada OK
A50: 47 | B50: =IF(D50<>"","OT-2026-"&TEXT(ROW()-3,"000"),"") -> OT-2026-047 | C50: 46203 | D50: AA3187094529 | E50: =IFERROR(__xludf.DUMMYFUNCTION("IF(D50="""", """", IF(REGEXMATCH(TO_TEXT(D50), ""^(AA\d{10}|EDU\d{7}|\d+|SZSES10IS\d{9})$""), ""✅"", ""⚠️""))"),"✅") -> ✅ | F50: G5 | G50: Grupo 2 | H50: Pinilla, Alexis | I50: =IFERROR(__xludf.DUMMYFUNCTION("IF(D50="""", """", IFERROR(VLOOKUP(TO_TEXT(D50), '💻 EQUIPOS'!B:H, 7, 0), """"))"),"Bloqueada") -> Bloqueada | J50: 30m | K50: 30m | L50: desbloqueada | M50: enciende, se desbloqueo, no tenia cargador | N50: Finalizada OK
A51: 48 | B51: =IF(D51<>"","OT-2026-"&TEXT(ROW()-3,"000"),"") -> OT-2026-048 | C51: 46203 | D51: 2023100888 | E51: =IFERROR(__xludf.DUMMYFUNCTION("IF(D51="""", """", IF(REGEXMATCH(TO_TEXT(D51), ""^(AA\d{10}|EDU\d{7}|\d+|SZSES10IS\d{9})$""), ""✅"", ""⚠️""))"),"✅") -> ✅ | F51: --- | G51: Grupo 2 | H51: Leal, Benjamín | I51: =IFERROR(__xludf.DUMMYFUNCTION("IF(D51="""", """", IFERROR(VLOOKUP(TO_TEXT(D51), '💻 EQUIPOS'!B:H, 7, 0), """"))"),"No Enciende") -> No Enciende | M51: no prende, esta rayada | N51: Derivada
A52: 49 | B52: =IF(D52<>"","OT-2026-"&TEXT(ROW()-3,"000"),"") -> OT-2026-049 | C52: 46203 | D52: 2023100986 | E52: =IFERROR(__xludf.DUMMYFUNCTION("IF(D52="""", """", IF(REGEXMATCH(TO_TEXT(D52), ""^(AA\d{10}|EDU\d{7}|\d+|SZSES10IS\d{9})$""), ""✅"", ""⚠️""))"),"✅") -> ✅ | F52: --- | G52: Grupo 2 | H52: Calascibetta, Felipe | I52: =IFERROR(__xludf.DUMMYFUNCTION("IF(D52="""", """", IFERROR(VLOOKUP(TO_TEXT(D52), '💻 EQUIPOS'!B:H, 7, 0), """"))"),"No Enciende") -> No Enciende | M52: no prende, esta rayada | N52: Derivada
A53: 50 | B53: =IF(D53<>"","OT-2026-"&TEXT(ROW()-3,"000"),"") -> OT-2026-050 | C53: 46203 | D53: AA4187054724 | E53: =IFERROR(__xludf.DUMMYFUNCTION("IF(D53="""", """", IF(REGEXMATCH(TO_TEXT(D53), ""^(AA\d{10}|EDU\d{7}|\d+|SZSES10IS\d{9})$""), ""✅"", ""⚠️""))"),"✅") -> ✅ | F53: G5 | G53: Grupo 2 | H53: Cappelletti, Sofía | I53: =IFERROR(__xludf.DUMMYFUNCTION("IF(D53="""", """", IFERROR(VLOOKUP(TO_TEXT(D53), '💻 EQUIPOS'!B:H, 7, 0), """"))"),"Bloqueada") -> Bloqueada | J53: 45M | K53: 40m | L53: se encontraba bloqueada, se desbloqueo y se le reinstalo SO | M53: enciende, estaba bloqueada, no tenia cargador | N53: Finalizada OK
A54: 51 | B54: =IF(D54<>"","OT-2026-"&TEXT(ROW()-3,"000"),"") -> OT-2026-051 | C54: 46203 | D54: AA6187091353 | E54: =IFERROR(__xludf.DUMMYFUNCTION("IF(D54="""", """", IF(REGEXMATCH(TO_TEXT(D54), ""^(AA\d{10}|EDU\d{7}|\d+|SZSES10IS\d{9})$""), ""✅"", ""⚠️""))"),"✅") -> ✅ | F54: G5 | G54: Grupo 2 | H54: Pinilla, Alexis | I54: =IFERROR(__xludf.DUMMYFUNCTION("IF(D54="""", """", IFERROR(VLOOKUP(TO_TEXT(D54), '💻 EQUIPOS'!B:H, 7, 0), """"))"),"Bloqueada") -> Bloqueada | J54: 20m | K54: 2m | L54: se le reinstalo SO | M54: enciende, instalando SO, no tenia cargador | N54: Finalizada OK
A55: 52 | B55: =IF(D55<>"","OT-2026-"&TEXT(ROW()-3,"000"),"") -> OT-2026-052 | C55: 46203 | D55: AA3187094663 | E55: =IFERROR(__xludf.DUMMYFUNCTION("IF(D55="""", """", IF(REGEXMATCH(TO_TEXT(D55), ""^(AA\d{10}|EDU\d{7}|\d+|SZSES10IS\d{9})$""), ""✅"", ""⚠️""))"),"✅") -> ✅ | F55: G5 | G55: Grupo 2 | H55: Cappelletti, Sofía | I55: =IFERROR(__xludf.DUMMYFUNCTION("IF(D55="""", """", IFERROR(VLOOKUP(TO_TEXT(D55), '💻 EQUIPOS'!B:H, 7, 0), """"))"),"Bloqueada") -> Bloqueada | J55: 50m | K55: 45m | L55: se encontraba bloqueada, se desbloqueo y se le reinstalo SO | M55: enciende, le falta la tecla f1, no tenia cargador | N55: Finalizada OK
A56: 53 | B56: =IF(D56<>"","OT-2026-"&TEXT(ROW()-3,"000"),"") -> OT-2026-053 | C56: 46203 | D56: AA7187079064 | E56: =IFERROR(__xludf.DUMMYFUNCTION("IF(D56="""", """", IF(REGEXMATCH(TO_TEXT(D56), ""^(AA\d{10}|EDU\d{7}|\d+|SZSES10IS\d{9})$""), ""✅"", ""⚠️""))"),"✅") -> ✅ | F56: G5 | G56: Grupo 2 | H56: Pinilla, Alexis | I56: =IFERROR(__xludf.DUMMYFUNCTION("IF(D56="""", """", IFERROR(VLOOKUP(TO_TEXT(D56), '💻 EQUIPOS'!B:H, 7, 0), """"))"),"Bloqueada") -> Bloqueada | J56: 30m | K56: 25m | L56: se encontraba bloqueada, se desbloqueo y se le reinstalo SO | M56: enciende, estaba bloqueada, no tenia cargador | N56: Finalizada OK
A57: 54 | B57: =IF(D57<>"","OT-2026-"&TEXT(ROW()-3,"000"),"") -> OT-2026-054 | C57: 46203 | D57: AA7037036435 | E57: =IFERROR(__xludf.DUMMYFUNCTION("IF(D57="""", """", IF(REGEXMATCH(TO_TEXT(D57), ""^(AA\d{10}|EDU\d{7}|\d+|SZSES10IS\d{9})$""), ""✅"", ""⚠️""))"),"✅") -> ✅ | F57: G6 | G57: Grupo 2 | H57: Pinilla, Alexis | I57: =IFERROR(__xludf.DUMMYFUNCTION("IF(D57="""", """", IFERROR(VLOOKUP(TO_TEXT(D57), '💻 EQUIPOS'!B:H, 7, 0), """"))"),"Desbloqueada") -> Desbloqueada | J57: 30m | K57: 25m | L57: se le reinstalo SO | M57: enciende, estaba bloqueada, tenia cargador | N57: Finalizada OK
A58: 55 | B58: =IF(D58<>"","OT-2026-"&TEXT(ROW()-3,"000"),"") -> OT-2026-055 | C58: 46204 | D58: EDU8237701 | E58: =IFERROR(__xludf.DUMMYFUNCTION("IF(D58="""", """", IF(REGEXMATCH(TO_TEXT(D58), ""^(AA\d{10}|EDU\d{7}|\d+|SZSES10IS\d{9})$""), ""✅"", ""⚠️""))"),"✅") -> ✅ | F58: G6 | G58: Grupo 1 | H58: Cáceres, Santiago | I58: =IFERROR(__xludf.DUMMYFUNCTION("IF(D58="""", """", IFERROR(VLOOKUP(TO_TEXT(D58), '💻 EQUIPOS'!B:H, 7, 0), """"))"),"Bloqueada") -> Bloqueada | J58: 30m | K58: 30m | L58: Se desbloqueo y se le reinstalo el SO | M58: esta bloqueada y tiene el sistema operativo desinstalado, anda todo bien | N58: Finalizada OK
A59: 56 | B59: =IF(D59<>"","OT-2026-"&TEXT(ROW()-3,"000"),"") -> OT-2026-056 | C59: 46204 | D59: EDU8264762 | E59: =IFERROR(__xludf.DUMMYFUNCTION("IF(D59="""", """", IF(REGEXMATCH(TO_TEXT(D59), ""^(AA\d{10}|EDU\d{7}|\d+|SZSES10IS\d{9})$""), ""✅"", ""⚠️""))"),"✅") -> ✅ | F59: G6 | G59: Grupo 1 | H59: Simonetti, Tomás | I59: =IFERROR(__xludf.DUMMYFUNCTION("IF(D59="""", """", IFERROR(VLOOKUP(TO_TEXT(D59), '💻 EQUIPOS'!B:H, 7, 0), """"))"),"Bloqueada") -> Bloqueada | J59: 60m | K59: 40m | L59: Se desbloqueo | M59: Funciona bien 👌 | N59: Finalizada OK
A60: 57 | B60: =IF(D60<>"","OT-2026-"&TEXT(ROW()-3,"000"),"") -> OT-2026-057 | C60: 46204 | D60: EDU8264080 | E60: =IFERROR(__xludf.DUMMYFUNCTION("IF(D60="""", """", IF(REGEXMATCH(TO_TEXT(D60), ""^(AA\d{10}|EDU\d{7}|\d+|SZSES10IS\d{9})$""), ""✅"", ""⚠️""))"),"✅") -> ✅ | F60: G6 | G60: Grupo 1 | H60: Cáceres, Santiago | I60: =IFERROR(__xludf.DUMMYFUNCTION("IF(D60="""", """", IFERROR(VLOOKUP(TO_TEXT(D60), '💻 EQUIPOS'!B:H, 7, 0), """"))"),"Bloqueada") -> Bloqueada | J60: 30m | K60: 30m | L60: Se desbloqueo | M60: Funciona bien 👌 | N60: Finalizada OK
A61: 58 | B61: =IF(D61<>"","OT-2026-"&TEXT(ROW()-3,"000"),"") -> OT-2026-058 | C61: 46204 | D61: EDU8247404 | E61: =IFERROR(__xludf.DUMMYFUNCTION("IF(D61="""", """", IF(REGEXMATCH(TO_TEXT(D61), ""^(AA\d{10}|EDU\d{7}|\d+|SZSES10IS\d{9})$""), ""✅"", ""⚠️""))"),"✅") -> ✅ | F61: G6 | G61: Grupo 1 | H61: Kovach, Ludmila | I61: =IFERROR(__xludf.DUMMYFUNCTION("IF(D61="""", """", IFERROR(VLOOKUP(TO_TEXT(D61), '💻 EQUIPOS'!B:H, 7, 0), """"))"),"Bloqueada") -> Bloqueada | J61: 30m | K61: 35m | L61: Se desbloqueo | M61: Se rompio una tecla, anda todo pero tira pantalla azul, hay que reinstalarle el SO, anda todo bien | N61: Finalizada OK
A62: 59 | B62: =IF(D62<>"","OT-2026-"&TEXT(ROW()-3,"000"),"") -> OT-2026-059 | C62: 46204 | D62: EDU8266329 | E62: =IFERROR(__xludf.DUMMYFUNCTION("IF(D62="""", """", IF(REGEXMATCH(TO_TEXT(D62), ""^(AA\d{10}|EDU\d{7}|\d+|SZSES10IS\d{9})$""), ""✅"", ""⚠️""))"),"✅") -> ✅ | F62: G6 | G62: Grupo 1 | H62: Simonetti, Tomás | I62: =IFERROR(__xludf.DUMMYFUNCTION("IF(D62="""", """", IFERROR(VLOOKUP(TO_TEXT(D62), '💻 EQUIPOS'!B:H, 7, 0), """"))"),"Bloqueada") -> Bloqueada | J62: 30m | K62: 1h | L62: Se desbloqueo | N62: Finalizada OK
A63: 60 | B63: =IF(D63<>"","OT-2026-"&TEXT(ROW()-3,"000"),"") -> OT-2026-060 | C63: 46204 | D63: AA3037034165 | E63: =IFERROR(__xludf.DUMMYFUNCTION("IF(D63="""", """", IF(REGEXMATCH(TO_TEXT(D63), ""^(AA\d{10}|EDU\d{7}|\d+|SZSES10IS\d{9})$""), ""✅"", ""⚠️""))"),"✅") -> ✅ | F63: G6 | G63: Grupo 1 | H63: Cáceres, Santiago | I63: =IFERROR(__xludf.DUMMYFUNCTION("IF(D63="""", """", IFERROR(VLOOKUP(TO_TEXT(D63), '💻 EQUIPOS'!B:H, 7, 0), """"))"),"Desbloqueada") -> Desbloqueada | J63: 30m | K63: 40m | M63: Funciona todo | N63: Finalizada OK
A64: 61 | B64: =IF(D64<>"","OT-2026-"&TEXT(ROW()-3,"000"),"") -> OT-2026-061 | C64: 46204 | D64: AA0037034127 | E64: =IFERROR(__xludf.DUMMYFUNCTION("IF(D64="""", """", IF(REGEXMATCH(TO_TEXT(D64), ""^(AA\d{10}|EDU\d{7}|\d+|SZSES10IS\d{9})$""), ""✅"", ""⚠️""))"),"✅") -> ✅ | F64: G6 | G64: Grupo 1 | H64: Kovach, Ludmila | I64: =IFERROR(__xludf.DUMMYFUNCTION("IF(D64="""", """", IFERROR(VLOOKUP(TO_TEXT(D64), '💻 EQUIPOS'!B:H, 7, 0), """"))"),"Desbloqueada") -> Desbloqueada | J64: 30m | K64: 40m | M64: Anda todo | N64: Finalizada OK
A65: 62 | B65: =IF(D65<>"","OT-2026-"&TEXT(ROW()-3,"000"),"") -> OT-2026-062 | C65: 46205 | D65: AA2037034893 | E65: =IFERROR(__xludf.DUMMYFUNCTION("IF(D65="""", """", IF(REGEXMATCH(TO_TEXT(D65), ""^(AA\d{10}|EDU\d{7}|\d+|SZSES10IS\d{9})$""), ""✅"", ""⚠️""))"),"✅") -> ✅ | F65: G6 | G65: Grupo 2 | H65: Pinilla, Alexis | I65: =IFERROR(__xludf.DUMMYFUNCTION("IF(D65="""", """", IFERROR(VLOOKUP(TO_TEXT(D65), '💻 EQUIPOS'!B:H, 7, 0), """"))"),"Desbloqueada") -> Desbloqueada | J65: 30m | K65: 1h | L65: Se intento cambiar el disco pero fallo | M65: se pudo cambiar el disco | N65: Finalizada OK
A66: 63 | B66: =IF(D66<>"","OT-2026-"&TEXT(ROW()-3,"000"),"") -> OT-2026-063 | C66: 46204 | D66: AA9037035289 | E66: =IFERROR(__xludf.DUMMYFUNCTION("IF(D66="""", """", IF(REGEXMATCH(TO_TEXT(D66), ""^(AA\d{10}|EDU\d{7}|\d+|SZSES10IS\d{9})$""), ""✅"", ""⚠️""))"),"✅") -> ✅ | F66: G6 | G66: Grupo 1 | H66: Cáceres, Santiago | I66: =IFERROR(__xludf.DUMMYFUNCTION("IF(D66="""", """", IFERROR(VLOOKUP(TO_TEXT(D66), '💻 EQUIPOS'!B:H, 7, 0), """"))"),"Desbloqueada") -> Desbloqueada | J66: 30m | K66: 1h | L66: Se le instalo el SO | N66: Finalizada OK
A67: 64 | B67: =IF(D67<>"","OT-2026-"&TEXT(ROW()-3,"000"),"") -> OT-2026-064 | C67: 46204 | D67: AA3037036392 | E67: =IFERROR(__xludf.DUMMYFUNCTION("IF(D67="""", """", IF(REGEXMATCH(TO_TEXT(D67), ""^(AA\d{10}|EDU\d{7}|\d+|SZSES10IS\d{9})$""), ""✅"", ""⚠️""))"),"✅") -> ✅ | F67: G6 | G67: Grupo 1 | H67: Cáceres, Santiago | I67: =IFERROR(__xludf.DUMMYFUNCTION("IF(D67="""", """", IFERROR(VLOOKUP(TO_TEXT(D67), '💻 EQUIPOS'!B:H, 7, 0), """"))"),"Desbloqueada") -> Desbloqueada | J67: 30m | K67: 1h | M67: Anda todo | N67: Finalizada OK
A68: 65 | B68: =IF(D68<>"","OT-2026-"&TEXT(ROW()-3,"000"),"") -> OT-2026-065 | C68: 46205 | D68: AA1037035816 | E68: =IFERROR(__xludf.DUMMYFUNCTION("IF(D68="""", """", IF(REGEXMATCH(TO_TEXT(D68), ""^(AA\d{10}|EDU\d{7}|\d+|SZSES10IS\d{9})$""), ""✅"", ""⚠️""))"),"✅") -> ✅ | F68: G6 | G68: Grupo 2 | H68: Mottin, Francisco | I68: =IFERROR(__xludf.DUMMYFUNCTION("IF(D68="""", """", IFERROR(VLOOKUP(TO_TEXT(D68), '💻 EQUIPOS'!B:H, 7, 0), """"))"),"Desbloqueada") -> Desbloqueada | J68: 30m | K68: 1h | M68: instalar SO | N68: Finalizada OK
A69: 66 | B69: =IF(D69<>"","OT-2026-"&TEXT(ROW()-3,"000"),"") -> OT-2026-066 | C69: 46205 | D69: AA8037035907 | E69: =IFERROR(__xludf.DUMMYFUNCTION("IF(D69="""", """", IF(REGEXMATCH(TO_TEXT(D69), ""^(AA\d{10}|EDU\d{7}|\d+|SZSES10IS\d{9})$""), ""✅"", ""⚠️""))"),"✅") -> ✅ | F69: G6 | G69: Grupo 2 | H69: Mottin, Francisco | I69: =IFERROR(__xludf.DUMMYFUNCTION("IF(D69="""", """", IFERROR(VLOOKUP(TO_TEXT(D69), '💻 EQUIPOS'!B:H, 7, 0), """"))"),"Desbloqueada") -> Desbloqueada | J69: 30m | K69: 1h | M69: nstalar SO | N69: Finalizada OK
A70: 67 | B70: =IF(D70<>"","OT-2026-"&TEXT(ROW()-3,"000"),"") -> OT-2026-067 | C70: 46205 | D70: AA2037032010 | E70: =IFERROR(__xludf.DUMMYFUNCTION("IF(D70="""", """", IF(REGEXMATCH(TO_TEXT(D70), ""^(AA\d{10}|EDU\d{7}|\d+|SZSES10IS\d{9})$""), ""✅"", ""⚠️""))"),"✅") -> ✅ | F70: G6 | G70: Grupo 2 | H70: Mottin, Francisco | I70: =IFERROR(__xludf.DUMMYFUNCTION("IF(D70="""", """", IFERROR(VLOOKUP(TO_TEXT(D70), '💻 EQUIPOS'!B:H, 7, 0), """"))"),"Desbloqueada") -> Desbloqueada | J70: 30m | K70: 1h | M70: instalar SO | N70: Finalizada OK
A71: 68 | B71: =IF(D71<>"","OT-2026-"&TEXT(ROW()-3,"000"),"") -> OT-2026-068 | C71: 46204 | D71: AA4037036441 | E71: =IFERROR(__xludf.DUMMYFUNCTION("IF(D71="""", """", IF(REGEXMATCH(TO_TEXT(D71), ""^(AA\d{10}|EDU\d{7}|\d+|SZSES10IS\d{9})$""), ""✅"", ""⚠️""))"),"✅") -> ✅ | F71: G6 | G71: Grupo 1 | H71: Cáceres, Santiago | I71: =IFERROR(__xludf.DUMMYFUNCTION("IF(D71="""", """", IFERROR(VLOOKUP(TO_TEXT(D71), '💻 EQUIPOS'!B:H, 7, 0), """"))"),"Desbloqueada") -> Desbloqueada | J71: 30m | K71: 1h | M71: Le anda todo | N71: Finalizada OK
A72: 69 | B72: =IF(D72<>"","OT-2026-"&TEXT(ROW()-3,"000"),"") -> OT-2026-069 | C72: 46205 | D72: AA4037034120 | E72: =IFERROR(__xludf.DUMMYFUNCTION("IF(D72="""", """", IF(REGEXMATCH(TO_TEXT(D72), ""^(AA\d{10}|EDU\d{7}|\d+|SZSES10IS\d{9})$""), ""✅"", ""⚠️""))"),"✅") -> ✅ | F72: G6 | G72: Grupo 2 | H72: Mottin, Francisco | I72: =IFERROR(__xludf.DUMMYFUNCTION("IF(D72="""", """", IFERROR(VLOOKUP(TO_TEXT(D72), '💻 EQUIPOS'!B:H, 7, 0), """"))"),"Desbloqueada") -> Desbloqueada | J72: 30m | K72: 1h | M72: instalar SO | N72: Finalizada OK
A73: 70 | B73: =IF(D73<>"","OT-2026-"&TEXT(ROW()-3,"000"),"") -> OT-2026-070 | C73: 46204 | D73: AA1037034892 | E73: =IFERROR(__xludf.DUMMYFUNCTION("IF(D73="""", """", IF(REGEXMATCH(TO_TEXT(D73), ""^(AA\d{10}|EDU\d{7}|\d+|SZSES10IS\d{9})$""), ""✅"", ""⚠️""))"),"✅") -> ✅ | F73: G6 | G73: Grupo 1 | H73: Mottin, Francisco | I73: =IFERROR(__xludf.DUMMYFUNCTION("IF(D73="""", """", IFERROR(VLOOKUP(TO_TEXT(D73), '💻 EQUIPOS'!B:H, 7, 0), """"))"),"Desbloqueada") -> Desbloqueada | J73: 30m | K73: 1h | M73: Anda todo | N73: Finalizada OK
A74: 71 | B74: =IF(D74<>"","OT-2026-"&TEXT(ROW()-3,"000"),"") -> OT-2026-071 | C74: 46205 | D74: AA4313128459 | E74: =IFERROR(__xludf.DUMMYFUNCTION("IF(D74="""", """", IF(REGEXMATCH(TO_TEXT(D74), ""^(AA\d{10}|EDU\d{7}|\d+|SZSES10IS\d{9})$""), ""✅"", ""⚠️""))"),"✅") -> ✅ | F74: G4 | G74: Grupo 1 | H74: Pedrozo, Lorena | I74: =IFERROR(__xludf.DUMMYFUNCTION("IF(D74="""", """", IFERROR(VLOOKUP(TO_TEXT(D74), '💻 EQUIPOS'!B:H, 7, 0), """"))"),"Bloqueada") -> Bloqueada | J74: 40m | K74: 1h | L74: Se desbloqueo | M74: desbloqueada | N74: Finalizada OK
A75: 72 | B75: =IF(D75<>"","OT-2026-"&TEXT(ROW()-3,"000"),"") -> OT-2026-072 | C75: 46205 | D75: AA1313627610 | E75: =IFERROR(__xludf.DUMMYFUNCTION("IF(D75="""", """", IF(REGEXMATCH(TO_TEXT(D75), ""^(AA\d{10}|EDU\d{7}|\d+|SZSES10IS\d{9})$""), ""✅"", ""⚠️""))"),"✅") -> ✅ | F75: G4 | G75: Grupo 1 | H75: Pedrozo, Lorena | I75: =IFERROR(__xludf.DUMMYFUNCTION("IF(D75="""", """", IFERROR(VLOOKUP(TO_TEXT(D75), '💻 EQUIPOS'!B:H, 7, 0), """"))"),"Bloqueada") -> Bloqueada | J75: 40m | K75: 1h | L75: Se desbloqueo, se le cambio el disco | M75: La pantalla esta rota, pendiente para instalar el SO, no detecta el disco | N75: Probando
A76: 73 | B76: =IF(D76<>"","OT-2026-"&TEXT(ROW()-3,"000"),"") -> OT-2026-073 | C76: 46205 | D76: EDU3140088 | E76: =IFERROR(__xludf.DUMMYFUNCTION("IF(D76="""", """", IF(REGEXMATCH(TO_TEXT(D76), ""^(AA\d{10}|EDU\d{7}|\d+|SZSES10IS\d{9})$""), ""✅"", ""⚠️""))"),"✅") -> ✅ | F76: G4 | G76: Grupo 2 | H76: Leal, Benjamín | I76: =IFERROR(__xludf.DUMMYFUNCTION("IF(D76="""", """", IFERROR(VLOOKUP(TO_TEXT(D76), '💻 EQUIPOS'!B:H, 7, 0), """"))"),"Bloqueada") -> Bloqueada | J76: 1h | K76: 1h10m | L76: Se desbloquea,le falta la pila y instalar SO | N76: Finalizada OK
A77: 74 | B77: =IF(D77<>"","OT-2026-"&TEXT(ROW()-3,"000"),"") -> OT-2026-074 | C77: 46205 | D77: AA0000000000 | E77: =IFERROR(__xludf.DUMMYFUNCTION("IF(D77="""", """", IF(REGEXMATCH(TO_TEXT(D77), ""^(AA\d{10}|EDU\d{7}|\d+|SZSES10IS\d{9})$""), ""✅"", ""⚠️""))"),"✅") -> ✅ | F77: G4 | G77: Grupo 2 | H77: Pinilla, Alexis | I77: =IFERROR(__xludf.DUMMYFUNCTION("IF(D77="""", """", IFERROR(VLOOKUP(TO_TEXT(D77), '💻 EQUIPOS'!B:H, 7, 0), """"))"),"Bloqueada") -> Bloqueada | J77: 1h | L77: se desbloquea,hay que cambiarle la pila,le falta una tecla | N77: Finalizada OK
A78: 75 | B78: =IF(D78<>"","OT-2026-"&TEXT(ROW()-3,"000"),"") -> OT-2026-075 | C78: 46205 | D78: PF4SXF3S | E78: =IFERROR(__xludf.DUMMYFUNCTION("IF(D78="""", """", IF(REGEXMATCH(TO_TEXT(D78), ""^(AA\d{10}|EDU\d{7}|\d+|SZSES10IS\d{9})$""), ""✅"", ""⚠️""))"),"⚠️") -> ⚠️ | F78: --- | G78: Grupo 2 | H78: Calascibetta, Felipe | I78: =IFERROR(__xludf.DUMMYFUNCTION("IF(D78="""", """", IFERROR(VLOOKUP(TO_TEXT(D78), '💻 EQUIPOS'!B:H, 7, 0), """"))"),"Diagnosticada") -> Diagnosticada | J78: 30m | K78: 10m | L78: cambiar el anti virus | M78: Se desinstala la versión de prueba del McAfee y se reemplaza por Avast | N78: Finalizada OK
A79: 76 | B79: =IF(D79<>"","OT-2026-"&TEXT(ROW()-3,"000"),"") -> OT-2026-076 | C79: 46205 | D79: PF4RJARB | E79: =IFERROR(__xludf.DUMMYFUNCTION("IF(D79="""", """", IF(REGEXMATCH(TO_TEXT(D79), ""^(AA\d{10}|EDU\d{7}|\d+|SZSES10IS\d{9})$""), ""✅"", ""⚠️""))"),"⚠️") -> ⚠️ | F79: --- | G79: Grupo 2 | H79: Calascibetta, Felipe | I79: =IFERROR(__xludf.DUMMYFUNCTION("IF(D79="""", """", IFERROR(VLOOKUP(TO_TEXT(D79), '💻 EQUIPOS'!B:H, 7, 0), """"))"),"Diagnosticada") -> Diagnosticada | J79: 30m | K79: 10m | L79: cambiar el anti virus | M79: Se desinstala la versión de prueba del McAfee y se reemplaza por Avast | N79: Finalizada OK
A80: 77 | B80: =IF(D80<>"","OT-2026-"&TEXT(ROW()-3,"000"),"") -> OT-2026-077 | C80: 46205 | D80: PF4SXE5N | E80: =IFERROR(__xludf.DUMMYFUNCTION("IF(D80="""", """", IF(REGEXMATCH(TO_TEXT(D80), ""^(AA\d{10}|EDU\d{7}|\d+|SZSES10IS\d{9})$""), ""✅"", ""⚠️""))"),"⚠️") -> ⚠️ | F80: --- | G80: Grupo 2 | H80: Calascibetta, Felipe | I80: =IFERROR(__xludf.DUMMYFUNCTION("IF(D80="""", """", IFERROR(VLOOKUP(TO_TEXT(D80), '💻 EQUIPOS'!B:H, 7, 0), """"))"),"Diagnosticada") -> Diagnosticada | J80: 30m | K80: 10m | L80: cambiar el anti virus | M80: Se desinstala la versión de prueba del McAfee y se reemplaza por Avast | N80: Finalizada OK
A81: 78 | B81: =IF(D81<>"","OT-2026-"&TEXT(ROW()-3,"000"),"") -> OT-2026-078 | C81: 46205 | D81: PF4RPDMQ | E81: =IFERROR(__xludf.DUMMYFUNCTION("IF(D81="""", """", IF(REGEXMATCH(TO_TEXT(D81), ""^(AA\d{10}|EDU\d{7}|\d+|SZSES10IS\d{9})$""), ""✅"", ""⚠️""))"),"⚠️") -> ⚠️ | F81: --- | G81: Grupo 2 | H81: Calascibetta, Felipe | I81: =IFERROR(__xludf.DUMMYFUNCTION("IF(D81="""", """", IFERROR(VLOOKUP(TO_TEXT(D81), '💻 EQUIPOS'!B:H, 7, 0), """"))"),"Diagnosticada") -> Diagnosticada | J81: 30m | K81: 10m | L81: cambiar el anti virus | M81: Se desinstala la versión de prueba del McAfee y se reemplaza por Avast | N81: Finalizada OK
A82: 79 | B82: =IF(D82<>"","OT-2026-"&TEXT(ROW()-3,"000"),"") -> OT-2026-079 | C82: 46205 | D82: EDU8140097 | E82: =IFERROR(__xludf.DUMMYFUNCTION("IF(D82="""", """", IF(REGEXMATCH(TO_TEXT(D82), ""^(AA\d{10}|EDU\d{7}|\d+|SZSES10IS\d{9})$""), ""✅"", ""⚠️""))"),"✅") -> ✅ | F82: G4 | G82: Grupo 1 | H82: Pedrozo, Lorena | I82: =IFERROR(__xludf.DUMMYFUNCTION("IF(D82="""", """", IFERROR(VLOOKUP(TO_TEXT(D82), '💻 EQUIPOS'!B:H, 7, 0), """"))"),"Bloqueada") -> Bloqueada | J82: 1h | K82: 30m | L82: esta bloqueada,hay que cambiarle la pila, se le instalo el SO | M82: Anda todo | N82: Finalizada OK
A83: 80 | B83: =IF(D83<>"","OT-2026-"&TEXT(ROW()-3,"000"),"") -> OT-2026-080 | C83: 46205 | D83: EDU8140052 | E83: =IFERROR(__xludf.DUMMYFUNCTION("IF(D83="""", """", IF(REGEXMATCH(TO_TEXT(D83), ""^(AA\d{10}|EDU\d{7}|\d+|SZSES10IS\d{9})$""), ""✅"", ""⚠️""))"),"✅") -> ✅ | F83: G4 | G83: Grupo 1 | H83: Pedrozo, Lorena | I83: =IFERROR(__xludf.DUMMYFUNCTION("IF(D83="""", """", IFERROR(VLOOKUP(TO_TEXT(D83), '💻 EQUIPOS'!B:H, 7, 0), """"))"),"Bloqueada") -> Bloqueada | J83: 1h | K83: 45m | L83: esta bloqueada | M83: se desbloqueo,falta instalaerle S0 | N83: Finalizada OK
A84: 81 | B84: =IF(D84<>"","OT-2026-"&TEXT(ROW()-3,"000"),"") -> OT-2026-081 | C84: 46205 | D84: EDU8149393 | E84: =IFERROR(__xludf.DUMMYFUNCTION("IF(D84="""", """", IF(REGEXMATCH(TO_TEXT(D84), ""^(AA\d{10}|EDU\d{7}|\d+|SZSES10IS\d{9})$""), ""✅"", ""⚠️""))"),"✅") -> ✅ | F84: G4 | G84: Grupo 1 | H84: Pedrozo, Lorena | I84: =IFERROR(__xludf.DUMMYFUNCTION("IF(D84="""", """", IFERROR(VLOOKUP(TO_TEXT(D84), '💻 EQUIPOS'!B:H, 7, 0), """"))"),"Bloqueada") -> Bloqueada | J84: 30m | K84: 40m | L84: esta bloqueada ,falta tecla f9 y 8 y cmbiarle la pila | M84: se desbloqueo,se le cambio la pila, se instaló imagen actualizada y se cambió la pantalla | N84: Finalizada OK
A85: 82 | B85: =IF(D85<>"","OT-2026-"&TEXT(ROW()-3,"000"),"") -> OT-2026-082 | C85: 46209 | D85: EDU8155813 | E85: =IFERROR(__xludf.DUMMYFUNCTION("IF(D85="""", """", IF(REGEXMATCH(TO_TEXT(D85), ""^(AA\d{10}|EDU\d{7}|\d+|SZSES10IS\d{9})$""), ""✅"", ""⚠️""))"),"✅") -> ✅ | F85: G4 | G85: Grupo 1 | H85: Aguilera, Thiago | I85: =IFERROR(__xludf.DUMMYFUNCTION("IF(D85="""", """", IFERROR(VLOOKUP(TO_TEXT(D85), '💻 EQUIPOS'!B:H, 7, 0), """"))"),"Bloqueada") -> Bloqueada | J85: 1h | K85: 1:30H | L85: Se desbloqueo y se le cambio la pila, se le cambio la carcasa | M85: Esta bloqueada, el flex del mousepad esta roto | N85: Finalizada OK
A86: 83 | B86: =IF(D86<>"","OT-2026-"&TEXT(ROW()-3,"000"),"") -> OT-2026-083 | C86: 46209 | D86: EDU8140050 | E86: =IFERROR(__xludf.DUMMYFUNCTION("IF(D86="""", """", IF(REGEXMATCH(TO_TEXT(D86), ""^(AA\d{10}|EDU\d{7}|\d+|SZSES10IS\d{9})$""), ""✅"", ""⚠️""))"),"✅") -> ✅ | F86: G4 | G86: Grupo 1 | H86: Aguilera, Thiago | I86: =IFERROR(__xludf.DUMMYFUNCTION("IF(D86="""", """", IFERROR(VLOOKUP(TO_TEXT(D86), '💻 EQUIPOS'!B:H, 7, 0), """"))"),"Bloqueada") -> Bloqueada | J86: 1h | K86: 1h | L86: Se desbloqueo y se le cambio la pila, se le instalo el SO | M86: se desbloqueo, FALTA INSTALAR EL SO | N86: Finalizada OK
A87: 84 | B87: =IF(D87<>"","OT-2026-"&TEXT(ROW()-3,"000"),"") -> OT-2026-084 | C87: 46209 | D87: EDU8148932 | E87: =IFERROR(__xludf.DUMMYFUNCTION("IF(D87="""", """", IF(REGEXMATCH(TO_TEXT(D87), ""^(AA\d{10}|EDU\d{7}|\d+|SZSES10IS\d{9})$""), ""✅"", ""⚠️""))"),"✅") -> ✅ | F87: G4 | G87: Grupo 1 | H87: Aguilera, Thiago | I87: =IFERROR(__xludf.DUMMYFUNCTION("IF(D87="""", """", IFERROR(VLOOKUP(TO_TEXT(D87), '💻 EQUIPOS'!B:H, 7, 0), """"))"),"Bloqueada") -> Bloqueada | J87: 1h | K87: 1h | L87: se desbloqueo, se le cambio la pila, se le instalo el SO | M87: se desbloqueo, FALTA INSTALAR EL SO | N87: Finalizada OK
A88: 85 | B88: =IF(D88<>"","OT-2026-"&TEXT(ROW()-3,"000"),"") -> OT-2026-085 | C88: 46211 | D88: EDU8140706 | E88: =IFERROR(__xludf.DUMMYFUNCTION("IF(D88="""", """", IF(REGEXMATCH(TO_TEXT(D88), ""^(AA\d{10}|EDU\d{7}|\d+|SZSES10IS\d{9})$""), ""✅"", ""⚠️""))"),"✅") -> ✅ | F88: G4 | G88: Grupo 1 | H88: Aguilera, Thiago | I88: =IFERROR(__xludf.DUMMYFUNCTION("IF(D88="""", """", IFERROR(VLOOKUP(TO_TEXT(D88), '💻 EQUIPOS'!B:H, 7, 0), """"))"),"Bloqueada") -> Bloqueada | J88: 40m | K88: 1h | L88: Se desbloqueo y se le cambio la pila, se le instalo el SO | M88: LE FALTA UNA TECLA, TIENE LA MANIJA ROJA, HAY QUE CAMBIARLE LA PILA | N88: Finalizada OK
A89: 86 | B89: =IF(D89<>"","OT-2026-"&TEXT(ROW()-3,"000"),"") -> OT-2026-086 | C89: 46217 | D89: SZSES10IS232301385 | E89: =IFERROR(__xludf.DUMMYFUNCTION("IF(D89="""", """", IF(REGEXMATCH(TO_TEXT(D89), ""^(AA\d{10}|EDU\d{7}|\d+|SZSES10IS\d{9})$""), ""✅"", ""⚠️""))"),"✅") -> ✅ | F89: G4 | G89: Grupo 2 | H89: Mottin, Francisco | I89: =IFERROR(__xludf.DUMMYFUNCTION("IF(D89="""", """", IFERROR(VLOOKUP(TO_TEXT(D89), '💻 EQUIPOS'!B:H, 7, 0), """"))"),"Desbloqueada") -> Desbloqueada | L89: Se le instalo el SO | M89: Tiene la pantalla rota, hay que instalarle el SO, las teclas no responden bien, SE LE CAMBIO LA PILA | N89: Finalizada OK
A90: 87 | B90: =IF(D90<>"","OT-2026-"&TEXT(ROW()-3,"000"),"") -> OT-2026-087 | C90: 46211 | D90: SZSES10IS232301695 | E90: =IFERROR(__xludf.DUMMYFUNCTION("IF(D90="""", """", IF(REGEXMATCH(TO_TEXT(D90), ""^(AA\d{10}|EDU\d{7}|\d+|SZSES10IS\d{9})$""), ""✅"", ""⚠️""))"),"✅") -> ✅ | F90: G4 | G90: Grupo 1 | H90: Simonetti, Tomás | I90: =IFERROR(__xludf.DUMMYFUNCTION("IF(D90="""", """", IFERROR(VLOOKUP(TO_TEXT(D90), '💻 EQUIPOS'!B:H, 7, 0), """"))"),"Bloqueada") -> Bloqueada | J90: 1h | K90: 1h | L90: se desbloqueo | M90: Esta bloqueada, no prende | N90: Probando
A91: 88 | B91: =IF(D91<>"","OT-2026-"&TEXT(ROW()-3,"000"),"") -> OT-2026-088 | C91: 46211 | D91: EDU8094163 | E91: =IFERROR(__xludf.DUMMYFUNCTION("IF(D91="""", """", IF(REGEXMATCH(TO_TEXT(D91), ""^(AA\d{10}|EDU\d{7}|\d+|SZSES10IS\d{9})$""), ""✅"", ""⚠️""))"),"✅") -> ✅ | F91: G4 | G91: Grupo 1 | H91: Aguilera, Thiago | I91: =IFERROR(__xludf.DUMMYFUNCTION("IF(D91="""", """", IFERROR(VLOOKUP(TO_TEXT(D91), '💻 EQUIPOS'!B:H, 7, 0), """"))"),"Bloqueada") -> Bloqueada | J91: 30m | K91: 2h | L91: se desbloqueo | M91: Esta bloqueada, SE LE CAMBIO LA PLACA MADRE Y LA PLACA DEL ENCENDIDO, PRENDE PERO NO DA IMAGEN | N91: Probando
A92: 89 | B92: =IF(D92<>"","OT-2026-"&TEXT(ROW()-3,"000"),"") -> OT-2026-089 | C92: 46211 | D92: AA3313127989 | E92: =IFERROR(__xludf.DUMMYFUNCTION("IF(D92="""", """", IF(REGEXMATCH(TO_TEXT(D92), ""^(AA\d{10}|EDU\d{7}|\d+|SZSES10IS\d{9})$""), ""✅"", ""⚠️""))"),"✅") -> ✅ | F92: G5 | G92: Grupo 1 | H92: Pedrozo, Lorena | I92: =IFERROR(__xludf.DUMMYFUNCTION("IF(D92="""", """", IFERROR(VLOOKUP(TO_TEXT(D92), '💻 EQUIPOS'!B:H, 7, 0), """"))"),"Desbloqueada") -> Desbloqueada | J92: 30m | K92: 30m | L92: SE LE ACTUALIZO EL SO | M92: Hay que actualizar el SO | N92: Finalizada OK
A93: 90 | B93: =IF(D93<>"","OT-2026-"&TEXT(ROW()-3,"000"),"") -> OT-2026-090 | C93: 46211 | D93: AA6055043688 | E93: =IFERROR(__xludf.DUMMYFUNCTION("IF(D93="""", """", IF(REGEXMATCH(TO_TEXT(D93), ""^(AA\d{10}|EDU\d{7}|\d+|SZSES10IS\d{9})$""), ""✅"", ""⚠️""))"),"✅") -> ✅ | F93: G5 | G93: Grupo 1 | H93: Pedrozo, Lorena | I93: =IFERROR(__xludf.DUMMYFUNCTION("IF(D93="""", """", IFERROR(VLOOKUP(TO_TEXT(D93), '💻 EQUIPOS'!B:H, 7, 0), """"))"),"Desbloqueada") -> Desbloqueada | M93: Hay que actualizar el SO, hay que cambiarle el disco porque no butea | N93: Probando
A94: 91 | B94: =IF(D94<>"","OT-2026-"&TEXT(ROW()-3,"000"),"") -> OT-2026-091 | C94: 46217 | D94: SZSES10IS232301433 | E94: =IFERROR(__xludf.DUMMYFUNCTION("IF(D94="""", """", IF(REGEXMATCH(TO_TEXT(D94), ""^(AA\d{10}|EDU\d{7}|\d+|SZSES10IS\d{9})$""), ""✅"", ""⚠️""))"),"✅") -> ✅ | F94: G4 | G94: Grupo 2 | H94: Cappelletti, Sofía | I94: =IFERROR(__xludf.DUMMYFUNCTION("IF(D94="""", """", IFERROR(VLOOKUP(TO_TEXT(D94), '💻 EQUIPOS'!B:H, 7, 0), """"))"),"Bloqueada") -> Bloqueada | J94: 1h | K94: 1h | L94: Se arreglo correctamente | M94: finalizada | N94: Finalizada OK
A95: 92 | B95: =IF(D95<>"","OT-2026-"&TEXT(ROW()-3,"000"),"") -> OT-2026-092 | C95: 46216 | D95: SZSES10IS232301033 | E95: =IFERROR(__xludf.DUMMYFUNCTION("IF(D95="""", """", IF(REGEXMATCH(TO_TEXT(D95), ""^(AA\d{10}|EDU\d{7}|\d+|SZSES10IS\d{9})$""), ""✅"", ""⚠️""))"),"✅") -> ✅ | F95: G4 | G95: Grupo 1 | H95: Kovach, Ludmila | I95: =IFERROR(__xludf.DUMMYFUNCTION("IF(D95="""", """", IFERROR(VLOOKUP(TO_TEXT(D95), '💻 EQUIPOS'!B:H, 7, 0), """"))"),"Desbloqueada") -> Desbloqueada | J95: 1h | K95: 32m | L95: Finalizada | M95: Finalizada | N95: Finalizada OK
A96: 93 | B96: =IF(D96<>"","OT-2026-"&TEXT(ROW()-3,"000"),"") -> OT-2026-093 | C96: 46216 | D96: SZSES10IS232301450 | E96: =IFERROR(__xludf.DUMMYFUNCTION("IF(D96="""", """", IF(REGEXMATCH(TO_TEXT(D96), ""^(AA\d{10}|EDU\d{7}|\d+|SZSES10IS\d{9})$""), ""✅"", ""⚠️""))"),"✅") -> ✅ | F96: G4 | G96: Grupo 1 | H96: Aguilera, Thiago | I96: =IFERROR(__xludf.DUMMYFUNCTION("IF(D96="""", """", IFERROR(VLOOKUP(TO_TEXT(D96), '💻 EQUIPOS'!B:H, 7, 0), """"))"),"Bloqueada") -> Bloqueada | J96: 40m | K96: 120m | M96: ESTA BLOQUEADA, hay que cambiarle la pantalla | N96: Pendiente
A97: 94 | B97: =IF(D97<>"","OT-2026-"&TEXT(ROW()-3,"000"),"") -> OT-2026-094 | C97: 46216 | D97: SZSES10IS232301371 | E97: =IFERROR(__xludf.DUMMYFUNCTION("IF(D97="""", """", IF(REGEXMATCH(TO_TEXT(D97), ""^(AA\d{10}|EDU\d{7}|\d+|SZSES10IS\d{9})$""), ""✅"", ""⚠️""))"),"✅") -> ✅ | F97: G4 | G97: Grupo 1 | H97: Kovach, Ludmila | I97: =IFERROR(__xludf.DUMMYFUNCTION("IF(D97="""", """", IFERROR(VLOOKUP(TO_TEXT(D97), '💻 EQUIPOS'!B:H, 7, 0), """"))"),"Bloqueada") -> Bloqueada | J97: 40m | K97: 30m | L97: Finalizada | M97: Esta bloqueada | N97: Finalizada OK
A98: 95 | B98: =IF(D98<>"","OT-2026-"&TEXT(ROW()-3,"000"),"") -> OT-2026-095 | C98: 46217 | D98: SZSES10IS232301350 | E98: =IFERROR(__xludf.DUMMYFUNCTION("IF(D98="""", """", IF(REGEXMATCH(TO_TEXT(D98), ""^(AA\d{10}|EDU\d{7}|\d+|SZSES10IS\d{9})$""), ""✅"", ""⚠️""))"),"✅") -> ✅ | F98: G4 | G98: Grupo 2 | H98: Lorenzetti, Axel | I98: =IFERROR(__xludf.DUMMYFUNCTION("IF(D98="""", """", IFERROR(VLOOKUP(TO_TEXT(D98), '💻 EQUIPOS'!B:H, 7, 0), """"))"),"Bloqueada") -> Bloqueada | J98: 1h | K98: 120m | L98: Intalando SO | M98: Esta bloqueada, SE CAMBIO LA PILA | N98: Finalizada OK
A99: 96 | B99: =IF(D99<>"","OT-2026-"&TEXT(ROW()-3,"000"),"") -> OT-2026-096 | C99: 46217 | D99: SZSES10IS232301233 | E99: =IFERROR(__xludf.DUMMYFUNCTION("IF(D99="""", """", IF(REGEXMATCH(TO_TEXT(D99), ""^(AA\d{10}|EDU\d{7}|\d+|SZSES10IS\d{9})$""), ""✅"", ""⚠️""))"),"✅") -> ✅ | F99: G4 | G99: Grupo 2 | H99: Leal, Benjamín | I99: =IFERROR(__xludf.DUMMYFUNCTION("IF(D99="""", """", IFERROR(VLOOKUP(TO_TEXT(D99), '💻 EQUIPOS'!B:H, 7, 0), """"))"),"No Enciende") -> No Enciende | L99: No hace contacto | M99: Pantalla suelta, no prende la luz, SE LE CAMBIO LA PILA | N99: Pendiente
A100: 97 | B100: =IF(D100<>"","OT-2026-"&TEXT(ROW()-3,"000"),"") -> OT-2026-097 | C100: 46217 | D100: SZSES10IS232301377 | E100: =IFERROR(__xludf.DUMMYFUNCTION("IF(D100="""", """", IF(REGEXMATCH(TO_TEXT(D100), ""^(AA\d{10}|EDU\d{7}|\d+|SZSES10IS\d{9})$""), ""✅"", ""⚠️""))"),"✅") -> ✅ | F100: G4 | G100: Grupo 2 | H100: Leal, Benjamín | I100: =IFERROR(__xludf.DUMMYFUNCTION("IF(D100="""", """", IFERROR(VLOOKUP(TO_TEXT(D100), '💻 EQUIPOS'!B:H, 7, 0), """"))"),"Desbloqueada") -> Desbloqueada | J100: 10m | K100: 120m | L100: Finalizada | M100: El teclado tarda en responder algunas letras, SE CAMBIO LA PILA | N100: Finalizada OK
...

Sheet 💻 EQUIPOS
A1: 💻 INVENTARIO DE EQUIPOS
A2: Seguimiento completo por netbook
A3: # | B3: N° de Serie | C3: Formato | D3: Generación | E3: Modelo | F3: Marca | G3: Fecha Ingreso | H3: Estado Inicial | I3: Estado Actual | J3: Grupo | K3: OT Vinculada | L3: Observaciones Técnicas | M3: Historial de Estados
A4: 1 | B4: AA4163047472 | C4: =IFERROR(__xludf.DUMMYFUNCTION("IF(B4="""", """", IF(REGEXMATCH(TO_TEXT(B4), ""^(AA\d{10}|EDU\d{7}|\d+|SZSES10IS\d{9})$""), ""✅"", ""⚠️""))"),"✅") -> ✅ | D4: G4 | F4: EXO | G4: 46189 | H4: Bloqueada | I4: =IF(B4="", "", IFERROR(VLOOKUP(B4, '🔧 OT'!D:N, 11, 0), IF(H4<>"", H4, "Sin OT"))) -> Finalizada OK | J4: =IFERROR(__xludf.DUMMYFUNCTION("IF(B4="""", """", IFERROR(VLOOKUP(TO_TEXT(B4), INDEX(TO_TEXT('🔧 OT'!D:G)), 4, 0), ""Sin OT""))"),"Grupo 2") -> Grupo 2 | K4: OT-2026-001 | L4: esta roto el conector del teclado, disco actual es de 160, se cambia por uno de 320, queda para reutilizar un disco de 160, funciona mal la pantalla | M4: esta roto el conector del teclado,disco actual es de 160,se cambia por uno de 320,queda para reutilizar un disco de 160,funciona mal la pantalla
A5: 2 | B5: AA1183076736 | C5: =IFERROR(__xludf.DUMMYFUNCTION("IF(B5="""", """", IF(REGEXMATCH(TO_TEXT(B5), ""^(AA\d{10}|EDU\d{7}|\d+|SZSES10IS\d{9})$""), ""✅"", ""⚠️""))"),"✅") -> ✅ | D5: G4 | F5: NOVATECH | G5: 46189 | H5: Bloqueada | I5: =IF(B5="", "", IFERROR(VLOOKUP(B5, '🔧 OT'!D:N, 11, 0), IF(H5<>"", H5, "Sin OT"))) -> Finalizada OK | J5: =IFERROR(__xludf.DUMMYFUNCTION("IF(B5="""", """", IFERROR(VLOOKUP(TO_TEXT(B5), INDEX(TO_TEXT('🔧 OT'!D:G)), 4, 0), ""Sin OT""))"),"Grupo 2") -> Grupo 2 | K5: OT-2026-002 | L5: Ya se instaló el SO, No le andan las teclas X, C y V | M5: Esta desbloqueada, falta testear e instalar SO - 17-6 se testeo la maquina y ya se instaló el SO, las teclas que no funcionan son las letras X,C y V
A6: 3 | B6: AA3313139031 | C6: =IFERROR(__xludf.DUMMYFUNCTION("IF(B6="""", """", IF(REGEXMATCH(TO_TEXT(B6), ""^(AA\d{10}|EDU\d{7}|\d+|SZSES10IS\d{9})$""), ""✅"", ""⚠️""))"),"✅") -> ✅ | D6: G4 | F6: BGH | G6: 46190 | H6: Bloqueada | I6: =IF(B6="", "", IFERROR(VLOOKUP(B6, '🔧 OT'!D:N, 11, 0), IF(H6<>"", H6, "Sin OT"))) -> Finalizada OK | J6: =IFERROR(__xludf.DUMMYFUNCTION("IF(B6="""", """", IFERROR(VLOOKUP(TO_TEXT(B6), INDEX(TO_TEXT('🔧 OT'!D:G)), 4, 0), ""Sin OT""))"),"Grupo 1") -> Grupo 1 | K6: OT-2026-003 | L6: Tiene la pantalla rota, le falta una tecla el puerto USB derecho está roto | M6: 17-06 Se ha hecho el primer diagnostico: se desbloqueo, tiene la pantalla rota, le falta una tecla, el puerto USB derecho está roto, se instaló el SO y falta testear
A7: 4 | B7: AA1313665703 | C7: =IFERROR(__xludf.DUMMYFUNCTION("IF(B7="""", """", IF(REGEXMATCH(TO_TEXT(B7), ""^(AA\d{10}|EDU\d{7}|\d+|SZSES10IS\d{9})$""), ""✅"", ""⚠️""))"),"✅") -> ✅ | D7: G4 | F7: BGH | G7: 46190 | H7: Bloqueada | I7: =IF(B7="", "", IFERROR(VLOOKUP(B7, '🔧 OT'!D:N, 11, 0), IF(H7<>"", H7, "Sin OT"))) -> Derivada | J7: =IFERROR(__xludf.DUMMYFUNCTION("IF(B7="""", """", IFERROR(VLOOKUP(TO_TEXT(B7), INDEX(TO_TEXT('🔧 OT'!D:G)), 4, 0), ""Sin OT""))"),"Grupo 1") -> Grupo 1 | K7: OT-2026-004 | L7: Ya está desbloqueada,está roto el botón de encendido, está sin bateria, la carcasa está dañada, QUEDA DE REPUESTO | M7: Está roto el botón de encendido, está sin bateria, la carcasa está dañada, enciende pero no lee el disco y no da imagen
A8: 5 | B8: AA1183077623 | C8: =IFERROR(__xludf.DUMMYFUNCTION("IF(B8="""", """", IF(REGEXMATCH(TO_TEXT(B8), ""^(AA\d{10}|EDU\d{7}|\d+|SZSES10IS\d{9})$""), ""✅"", ""⚠️""))"),"✅") -> ✅ | D8: G4 | F8: NOVATECH | G8: 46191 | H8: Bloqueada | I8: =IF(B8="", "", IFERROR(VLOOKUP(B8, '🔧 OT'!D:N, 11, 0), IF(H8<>"", H8, "Sin OT"))) -> Finalizada OK | J8: =IFERROR(__xludf.DUMMYFUNCTION("IF(B8="""", """", IFERROR(VLOOKUP(TO_TEXT(B8), INDEX(TO_TEXT('🔧 OT'!D:G)), 4, 0), ""Sin OT""))"),"Grupo 2") -> Grupo 2 | K8: OT-2026-005 | L8: se desbloqueo, le falta pila | M8: se desbloqueo, enciende pero no tiene pila, se le instalo so,no se le conecto el panel tactil
A9: 6 | B9: AA6053091118 | C9: =IFERROR(__xludf.DUMMYFUNCTION("IF(B9="""", """", IF(REGEXMATCH(TO_TEXT(B9), ""^(AA\d{10}|EDU\d{7}|\d+|SZSES10IS\d{9})$""), ""✅"", ""⚠️""))"),"✅") -> ✅ | D9: G4 | F9: EDUNEC | G9: 46191 | H9: Bloqueada | I9: =IF(B9="", "", IFERROR(VLOOKUP(B9, '🔧 OT'!D:N, 11, 0), IF(H9<>"", H9, "Sin OT"))) -> Finalizada OK | J9: =IFERROR(__xludf.DUMMYFUNCTION("IF(B9="""", """", IFERROR(VLOOKUP(TO_TEXT(B9), INDEX(TO_TEXT('🔧 OT'!D:G)), 4, 0), ""Sin OT""))"),"Grupo 2") -> Grupo 2 | K9: OT-2026-006 | L9: se desbloqueo, le falta pila | M9: se desbloqueo, se le esta instalando SO, le falta pila
A10: 7 | B10: AA1314016444 | C10: =IFERROR(__xludf.DUMMYFUNCTION("IF(B10="""", """", IF(REGEXMATCH(TO_TEXT(B10), ""^(AA\d{10}|EDU\d{7}|\d+|SZSES10IS\d{9})$""), ""✅"", ""⚠️""))"),"✅") -> ✅ | D10: G4 | F10: BGH | G10: 46191 | H10: Bloqueada | I10: =IF(B10="", "", IFERROR(VLOOKUP(B10, '🔧 OT'!D:N, 11, 0), IF(H10<>"", H10, "Sin OT"))) -> Finalizada OK | J10: =IFERROR(__xludf.DUMMYFUNCTION("IF(B10="""", """", IFERROR(VLOOKUP(TO_TEXT(B10), INDEX(TO_TEXT('🔧 OT'!D:G)), 4, 0), ""Sin OT""))"),"Grupo 2") -> Grupo 2 | K10: OT-2026-007 | L10: se desbloqueo, le falta pila | M10: se desbloqueo, no tiene pila, se le va a instalar so
A11: 8 | B11: AA7313123510 | C11: =IFERROR(__xludf.DUMMYFUNCTION("IF(B11="""", """", IF(REGEXMATCH(TO_TEXT(B11), ""^(AA\d{10}|EDU\d{7}|\d+|SZSES10IS\d{9})$""), ""✅"", ""⚠️""))"),"✅") -> ✅ | D11: G4 | F11: BGH | G11: 46191 | H11: Bloqueada | I11: =IF(B11="", "", IFERROR(VLOOKUP(B11, '🔧 OT'!D:N, 11, 0), IF(H11<>"", H11, "Sin OT"))) -> Finalizada OK | J11: =IFERROR(__xludf.DUMMYFUNCTION("IF(B11="""", """", IFERROR(VLOOKUP(TO_TEXT(B11), INDEX(TO_TEXT('🔧 OT'!D:G)), 4, 0), ""Sin OT""))"),"Grupo 1") -> Grupo 1 | K11: OT-2026-008 | L11: Esta desbloqueada, no tiene bateria, le fallan los puertos USB | M11: se desbloqueo, no tiene pila, se le va a instalar so, tiene la pantalla rota, se restauro imagen original de CI
A12: 9 | B12: AA1053101377 | C12: =IFERROR(__xludf.DUMMYFUNCTION("IF(B12="""", """", IF(REGEXMATCH(TO_TEXT(B12), ""^(AA\d{10}|EDU\d{7}|\d+|SZSES10IS\d{9})$""), ""✅"", ""⚠️""))"),"✅") -> ✅ | D12: G4 | F12: EDUNEC | G12: 46195 | H12: Bloqueada | I12: =IF(B12="", "", IFERROR(VLOOKUP(B12, '🔧 OT'!D:N, 11, 0), IF(H12<>"", H12, "Sin OT"))) -> Finalizada OK | J12: =IFERROR(__xludf.DUMMYFUNCTION("IF(B12="""", """", IFERROR(VLOOKUP(TO_TEXT(B12), INDEX(TO_TEXT('🔧 OT'!D:G)), 4, 0), ""Sin OT""))"),"Grupo 1") -> Grupo 1 | K12: OT-2026-009 | L12: No tiene teclado | M12: Se desbloqueo
A13: 10 | B13: AA8313127584 | C13: =IFERROR(__xludf.DUMMYFUNCTION("IF(B13="""", """", IF(REGEXMATCH(TO_TEXT(B13), ""^(AA\d{10}|EDU\d{7}|\d+|SZSES10IS\d{9})$""), ""✅"", ""⚠️""))"),"✅") -> ✅ | D13: G4 | F13: BGH | G13: 46195 | H13: Bloqueada | I13: =IF(B13="", "", IFERROR(VLOOKUP(B13, '🔧 OT'!D:N, 11, 0), IF(H13<>"", H13, "Sin OT"))) -> Finalizada OK | J13: =IFERROR(__xludf.DUMMYFUNCTION("IF(B13="""", """", IFERROR(VLOOKUP(TO_TEXT(B13), INDEX(TO_TEXT('🔧 OT'!D:G)), 4, 0), ""Sin OT""))"),"Grupo 2") -> Grupo 2 | K13: OT-2026-010 | L13: No enciende, aun despues del chequeo | M13: Se cambio el disco duro
A14: 11 | B14: AA4313133415 | C14: =IFERROR(__xludf.DUMMYFUNCTION("IF(B14="""", """", IF(REGEXMATCH(TO_TEXT(B14), ""^(AA\d{10}|EDU\d{7}|\d+|SZSES10IS\d{9})$""), ""✅"", ""⚠️""))"),"✅") -> ✅ | D14: G4 | F14: BGH | G14: 46195 | H14: Bloqueada | I14: =IF(B14="", "", IFERROR(VLOOKUP(B14, '🔧 OT'!D:N, 11, 0), IF(H14<>"", H14, "Sin OT"))) -> Pendiente | J14: =IFERROR(__xludf.DUMMYFUNCTION("IF(B14="""", """", IFERROR(VLOOKUP(TO_TEXT(B14), INDEX(TO_TEXT('🔧 OT'!D:G)), 4, 0), ""Sin OT""))"),"Grupo 1") -> Grupo 1 | K14: OT-2026-011 | L14: no tiene teclado, no tiene bateria ,se desbloqueo,se cambio disco duro,no anda pantalla,se traba en istalacion SO | M14: Esta desbloqueada
A15: 12 | B15: AA2183061905 | C15: =IFERROR(__xludf.DUMMYFUNCTION("IF(B15="""", """", IF(REGEXMATCH(TO_TEXT(B15), ""^(AA\d{10}|EDU\d{7}|\d+|SZSES10IS\d{9})$""), ""✅"", ""⚠️""))"),"✅") -> ✅ | D15: G4 | F15: NOVATECH | G15: 46195 | H15: Bloqueada | I15: =IF(B15="", "", IFERROR(VLOOKUP(B15, '🔧 OT'!D:N, 11, 0), IF(H15<>"", H15, "Sin OT"))) -> Finalizada OK | J15: =IFERROR(__xludf.DUMMYFUNCTION("IF(B15="""", """", IFERROR(VLOOKUP(TO_TEXT(B15), INDEX(TO_TEXT('🔧 OT'!D:G)), 4, 0), ""Sin OT""))"),"Grupo 1") -> Grupo 1 | K15: OT-2026-012 | L15: No enciende, no tiene teclado | M15: Esta desbloqueada
A16: 13 | B16: AA9313652710 | C16: =IFERROR(__xludf.DUMMYFUNCTION("IF(B16="""", """", IF(REGEXMATCH(TO_TEXT(B16), ""^(AA\d{10}|EDU\d{7}|\d+|SZSES10IS\d{9})$""), ""✅"", ""⚠️""))"),"✅") -> ✅ | D16: G4 | F16: BGH | G16: 46196 | H16: Bloqueada | I16: =IF(B16="", "", IFERROR(VLOOKUP(B16, '🔧 OT'!D:N, 11, 0), IF(H16<>"", H16, "Sin OT"))) -> Finalizada OK | J16: =IFERROR(__xludf.DUMMYFUNCTION("IF(B16="""", """", IFERROR(VLOOKUP(TO_TEXT(B16), INDEX(TO_TEXT('🔧 OT'!D:G)), 4, 0), ""Sin OT""))"),"Grupo 2") -> Grupo 2 | K16: OT-2026-013 | L16: enciende, le faltan dos teclas | M16: se desbloqueo y se le va instalar SO
A17: 14 | B17: AA5313039059 | C17: =IFERROR(__xludf.DUMMYFUNCTION("IF(B17="""", """", IF(REGEXMATCH(TO_TEXT(B17), ""^(AA\d{10}|EDU\d{7}|\d+|SZSES10IS\d{9})$""), ""✅"", ""⚠️""))"),"✅") -> ✅ | D17: G4 | F17: BGH | G17: 46196 | H17: Desbloqueada | I17: =IF(B17="", "", IFERROR(VLOOKUP(B17, '🔧 OT'!D:N, 11, 0), IF(H17<>"", H17, "Sin OT"))) -> Finalizada OK | J17: =IFERROR(__xludf.DUMMYFUNCTION("IF(B17="""", """", IFERROR(VLOOKUP(TO_TEXT(B17), INDEX(TO_TEXT('🔧 OT'!D:G)), 4, 0), ""Sin OT""))"),"Grupo 2") -> Grupo 2 | K17: OT-2026-014 | L17: enciende, le falta teclado, pila, cambiar pantalla | M17: se desbloqueo y se le va instalar SO
A18: 15 | B18: AA6034019513 | C18: =IFERROR(__xludf.DUMMYFUNCTION("IF(B18="""", """", IF(REGEXMATCH(TO_TEXT(B18), ""^(AA\d{10}|EDU\d{7}|\d+|SZSES10IS\d{9})$""), ""✅"", ""⚠️""))"),"✅") -> ✅ | D18: G4 | F18: CORADIR | G18: 46196 | H18: Bloqueada | I18: =IF(B18="", "", IFERROR(VLOOKUP(B18, '🔧 OT'!D:N, 11, 0), IF(H18<>"", H18, "Sin OT"))) -> Finalizada OK | J18: =IFERROR(__xludf.DUMMYFUNCTION("IF(B18="""", """", IFERROR(VLOOKUP(TO_TEXT(B18), INDEX(TO_TEXT('🔧 OT'!D:G)), 4, 0), ""Sin OT""))"),"Grupo 2") -> Grupo 2 | K18: OT-2026-015 | L18: enciende, paantalla rota | M18: se desbloqueo y se le va instalar SO
A19: 16 | B19: AA0313635369 | C19: =IFERROR(__xludf.DUMMYFUNCTION("IF(B19="""", """", IF(REGEXMATCH(TO_TEXT(B19), ""^(AA\d{10}|EDU\d{7}|\d+|SZSES10IS\d{9})$""), ""✅"", ""⚠️""))"),"✅") -> ✅ | D19: G4 | F19: BGH | G19: 46196 | H19: Bloqueada | I19: =IF(B19="", "", IFERROR(VLOOKUP(B19, '🔧 OT'!D:N, 11, 0), IF(H19<>"", H19, "Sin OT"))) -> Finalizada OK | J19: =IFERROR(__xludf.DUMMYFUNCTION("IF(B19="""", """", IFERROR(VLOOKUP(TO_TEXT(B19), INDEX(TO_TEXT('🔧 OT'!D:G)), 4, 0), ""Sin OT""))"),"Grupo 1") -> Grupo 1 | K19: OT-2026-016 | L19: Enciende y le falla el puerto USB de la derecha | M19: enciende hay que desbloquearla
A20: 17 | B20: AA8164091529 | C20: =IFERROR(__xludf.DUMMYFUNCTION("IF(B20="""", """", IF(REGEXMATCH(TO_TEXT(B20), ""^(AA\d{10}|EDU\d{7}|\d+|SZSES10IS\d{9})$""), ""✅"", ""⚠️""))"),"✅") -> ✅ | D20: G4 | F20: BGH | G20: 46196 | H20: Bloqueada | I20: =IF(B20="", "", IFERROR(VLOOKUP(B20, '🔧 OT'!D:N, 11, 0), IF(H20<>"", H20, "Sin OT"))) -> Configurando | J20: =IFERROR(__xludf.DUMMYFUNCTION("IF(B20="""", """", IFERROR(VLOOKUP(TO_TEXT(B20), INDEX(TO_TEXT('🔧 OT'!D:G)), 4, 0), ""Sin OT""))"),"Grupo 2") -> Grupo 2 | K20: OT-2026-017 | L20: Se le coloco el teclado, falta cargar driver de WIFI | M20: Enciende correctamente, se desbloqueo a las 11:24 hs
A21: 18 | B21: AA5314032042 | C21: =IFERROR(__xludf.DUMMYFUNCTION("IF(B21="""", """", IF(REGEXMATCH(TO_TEXT(B21), ""^(AA\d{10}|EDU\d{7}|\d+|SZSES10IS\d{9})$""), ""✅"", ""⚠️""))"),"✅") -> ✅ | D21: G4 | F21: BGH | G21: 46196 | H21: Bloqueada | I21: =IF(B21="", "", IFERROR(VLOOKUP(B21, '🔧 OT'!D:N, 11, 0), IF(H21<>"", H21, "Sin OT"))) -> Pendiente | J21: =IFERROR(__xludf.DUMMYFUNCTION("IF(B21="""", """", IFERROR(VLOOKUP(TO_TEXT(B21), INDEX(TO_TEXT('🔧 OT'!D:G)), 4, 0), ""Sin OT""))"),"Grupo 1") -> Grupo 1 | K21: OT-2026-018 | L21: enciende, pantalla rota, le falta tecla Bloq mayus y boton de necendido,REVISA EL PROFE | M21: enciende, tiene pantalla rpa y le falta tecla Bloq mayus, se cambio RAM
A22: 19 | B22: AA8313652851 | C22: =IFERROR(__xludf.DUMMYFUNCTION("IF(B22="""", """", IF(REGEXMATCH(TO_TEXT(B22), ""^(AA\d{10}|EDU\d{7}|\d+|SZSES10IS\d{9})$""), ""✅"", ""⚠️""))"),"✅") -> ✅ | D22: G4 | F22: BGH | G22: 46197 | H22: Bloqueada | I22: =IF(B22="", "", IFERROR(VLOOKUP(B22, '🔧 OT'!D:N, 11, 0), IF(H22<>"", H22, "Sin OT"))) -> Derivada | J22: =IFERROR(__xludf.DUMMYFUNCTION("IF(B22="""", """", IFERROR(VLOOKUP(TO_TEXT(B22), INDEX(TO_TEXT('🔧 OT'!D:G)), 4, 0), ""Sin OT""))"),"Grupo 1") -> Grupo 1 | K22: OT-2026-019 | L22: Le falta la tecla de ordinales, tiene la pantalla rota, no tiene bateria, QUEDA DE REPUESTO | M22: Se desbloqueo a las 9:20 hs
A23: 20 | B23: AA1053674988 | C23: =IFERROR(__xludf.DUMMYFUNCTION("IF(B23="""", """", IF(REGEXMATCH(TO_TEXT(B23), ""^(AA\d{10}|EDU\d{7}|\d+|SZSES10IS\d{9})$""), ""✅"", ""⚠️""))"),"✅") -> ✅ | D23: G4 | F23: EDUNEC | G23: 46197 | H23: Bloqueada | I23: =IF(B23="", "", IFERROR(VLOOKUP(B23, '🔧 OT'!D:N, 11, 0), IF(H23<>"", H23, "Sin OT"))) -> Derivada | J23: =IFERROR(__xludf.DUMMYFUNCTION("IF(B23="""", """", IFERROR(VLOOKUP(TO_TEXT(B23), INDEX(TO_TEXT('🔧 OT'!D:G)), 4, 0), ""Sin OT""))"),"Grupo 1") -> Grupo 1 | K23: OT-2026-020 | L23: La manija esta rota, QUEDA DE REPUESTO | M23: Se desbloqueo a las 9:34 hs
A24: 21 | B24: AA9313096665 | C24: =IFERROR(__xludf.DUMMYFUNCTION("IF(B24="""", """", IF(REGEXMATCH(TO_TEXT(B24), ""^(AA\d{10}|EDU\d{7}|\d+|SZSES10IS\d{9})$""), ""✅"", ""⚠️""))"),"✅") -> ✅ | D24: G4 | F24: BGH | G24: 46197 | H24: Bloqueada | I24: =IF(B24="", "", IFERROR(VLOOKUP(B24, '🔧 OT'!D:N, 11, 0), IF(H24<>"", H24, "Sin OT"))) -> Derivada | J24: =IFERROR(__xludf.DUMMYFUNCTION("IF(B24="""", """", IFERROR(VLOOKUP(TO_TEXT(B24), INDEX(TO_TEXT('🔧 OT'!D:G)), 4, 0), ""Sin OT""))"),"Grupo 1") -> Grupo 1 | K24: OT-2026-021 | L24: Enciende y le falta la bateria. QUEDA DE REPUESTO | M24: No tiene arreglo
A25: 22 | B25: AA1313122997 | C25: =IFERROR(__xludf.DUMMYFUNCTION("IF(B25="""", """", IF(REGEXMATCH(TO_TEXT(B25), ""^(AA\d{10}|EDU\d{7}|\d+|SZSES10IS\d{9})$""), ""✅"", ""⚠️""))"),"✅") -> ✅ | D25: G4 | F25: BGH | G25: 46197 | H25: SO Instalado | I25: =IF(B25="", "", IFERROR(VLOOKUP(B25, '🔧 OT'!D:N, 11, 0), IF(H25<>"", H25, "Sin OT"))) -> Finalizada OK | J25: =IFERROR(__xludf.DUMMYFUNCTION("IF(B25="""", """", IFERROR(VLOOKUP(TO_TEXT(B25), INDEX(TO_TEXT('🔧 OT'!D:G)), 4, 0), ""Sin OT""))"),"Grupo 2") -> Grupo 2 | K25: OT-2026-022 | L25: Enciende y le falta la bateria | M25: Se desbloqueo a las 10:41 hs
A26: 23 | B26: AA8164087864 | C26: =IFERROR(__xludf.DUMMYFUNCTION("IF(B26="""", """", IF(REGEXMATCH(TO_TEXT(B26), ""^(AA\d{10}|EDU\d{7}|\d+|SZSES10IS\d{9})$""), ""✅"", ""⚠️""))"),"✅") -> ✅ | D26: G4 | F26: EXO | G26: 46197 | H26: Desbloqueada | I26: =IF(B26="", "", IFERROR(VLOOKUP(B26, '🔧 OT'!D:N, 11, 0), IF(H26<>"", H26, "Sin OT"))) -> Derivada | J26: =IFERROR(__xludf.DUMMYFUNCTION("IF(B26="""", """", IFERROR(VLOOKUP(TO_TEXT(B26), INDEX(TO_TEXT('🔧 OT'!D:G)), 4, 0), ""Sin OT""))"),"Grupo 1") -> Grupo 1 | K26: OT-2026-023 | L26: No tiene teclado, y le falta la bateria, QUEDA DE REPUESTO | M26: No tiene arreglo
A27: 24 | B27: AA1313621268 | C27: =IFERROR(__xludf.DUMMYFUNCTION("IF(B27="""", """", IF(REGEXMATCH(TO_TEXT(B27), ""^(AA\d{10}|EDU\d{7}|\d+|SZSES10IS\d{9})$""), ""✅"", ""⚠️""))"),"✅") -> ✅ | D27: G4 | F27: BGH | G27: 46197 | H27: Desbloqueada | I27: =IF(B27="", "", IFERROR(VLOOKUP(B27, '🔧 OT'!D:N, 11, 0), IF(H27<>"", H27, "Sin OT"))) -> Finalizada OK | J27: =IFERROR(__xludf.DUMMYFUNCTION("IF(B27="""", """", IFERROR(VLOOKUP(TO_TEXT(B27), INDEX(TO_TEXT('🔧 OT'!D:G)), 4, 0), ""Sin OT""))"),"Grupo 2") -> Grupo 2 | K27: OT-2026-024 | L27: Tenia problemas de boton de encendidio, y se cambio por otro | M27: Se arreglo el boton
A28: 25 | B28: AA7033016030 | C28: =IFERROR(__xludf.DUMMYFUNCTION("IF(B28="""", """", IF(REGEXMATCH(TO_TEXT(B28), ""^(AA\d{10}|EDU\d{7}|\d+|SZSES10IS\d{9})$""), ""✅"", ""⚠️""))"),"✅") -> ✅ | D28: G4 | F28: CORADIR | G28: 46197 | H28: Bloqueada | I28: =IF(B28="", "", IFERROR(VLOOKUP(B28, '🔧 OT'!D:N, 11, 0), IF(H28<>"", H28, "Sin OT"))) -> Pendiente | J28: =IFERROR(__xludf.DUMMYFUNCTION("IF(B28="""", """", IFERROR(VLOOKUP(TO_TEXT(B28), INDEX(TO_TEXT('🔧 OT'!D:G)), 4, 0), ""Sin OT""))"),"Grupo 2") -> Grupo 2 | K28: OT-2026-025 | L28: Esta bloqueada, y no tiene teclado,CAMBIAR DISCO DURO | M28: Se le coloco el teclado
A29: 26 | B29: AA8164119582 | C29: =IFERROR(__xludf.DUMMYFUNCTION("IF(B29="""", """", IF(REGEXMATCH(TO_TEXT(B29), ""^(AA\d{10}|EDU\d{7}|\d+|SZSES10IS\d{9})$""), ""✅"", ""⚠️""))"),"✅") -> ✅ | D29: G4 | F29: BGH | G29: 46197 | H29: Bloqueada | I29: =IF(B29="", "", IFERROR(VLOOKUP(B29, '🔧 OT'!D:N, 11, 0), IF(H29<>"", H29, "Sin OT"))) -> Finalizada OK | J29: =IFERROR(__xludf.DUMMYFUNCTION("IF(B29="""", """", IFERROR(VLOOKUP(TO_TEXT(B29), INDEX(TO_TEXT('🔧 OT'!D:G)), 4, 0), ""Sin OT""))"),"Grupo 2") -> Grupo 2 | K29: OT-2026-026 | L29: No tiene teclado | M29: Se esta arreglando
A30: 27 | B30: AA5313128248 | C30: =IFERROR(__xludf.DUMMYFUNCTION("IF(B30="""", """", IF(REGEXMATCH(TO_TEXT(B30), ""^(AA\d{10}|EDU\d{7}|\d+|SZSES10IS\d{9})$""), ""✅"", ""⚠️""))"),"✅") -> ✅ | D30: G4 | F30: BGH | G30: 46198 | H30: Bloqueada | I30: =IF(B30="", "", IFERROR(VLOOKUP(B30, '🔧 OT'!D:N, 11, 0), IF(H30<>"", H30, "Sin OT"))) -> Finalizada OK | J30: =IFERROR(__xludf.DUMMYFUNCTION("IF(B30="""", """", IFERROR(VLOOKUP(TO_TEXT(B30), INDEX(TO_TEXT('🔧 OT'!D:G)), 4, 0), ""Sin OT""))"),"Grupo 2") -> Grupo 2 | K30: OT-2026-027 | L30: enciende, desbloqueando | M30: desbloqueo
A31: 28 | B31: AA5313133610 | C31: =IFERROR(__xludf.DUMMYFUNCTION("IF(B31="""", """", IF(REGEXMATCH(TO_TEXT(B31), ""^(AA\d{10}|EDU\d{7}|\d+|SZSES10IS\d{9})$""), ""✅"", ""⚠️""))"),"✅") -> ✅ | D31: G4 | F31: BGH | G31: 46198 | H31: Bloqueada | I31: =IF(B31="", "", IFERROR(VLOOKUP(B31, '🔧 OT'!D:N, 11, 0), IF(H31<>"", H31, "Sin OT"))) -> Finalizada OK | J31: =IFERROR(__xludf.DUMMYFUNCTION("IF(B31="""", """", IFERROR(VLOOKUP(TO_TEXT(B31), INDEX(TO_TEXT('🔧 OT'!D:G)), 4, 0), ""Sin OT""))"),"Grupo 2") -> Grupo 2 | K31: OT-2026-028 | L31: enciende, le falta tecla supr, desbloqueando | M31: se desbloqueo
A32: 29 | B32: AA3313631371 | C32: =IFERROR(__xludf.DUMMYFUNCTION("IF(B32="""", """", IF(REGEXMATCH(TO_TEXT(B32), ""^(AA\d{10}|EDU\d{7}|\d+|SZSES10IS\d{9})$""), ""✅"", ""⚠️""))"),"✅") -> ✅ | D32: G4 | F32: BGH | G32: 46198 | H32: Bloqueada | I32: =IF(B32="", "", IFERROR(VLOOKUP(B32, '🔧 OT'!D:N, 11, 0), IF(H32<>"", H32, "Sin OT"))) -> Finalizada OK | J32: =IFERROR(__xludf.DUMMYFUNCTION("IF(B32="""", """", IFERROR(VLOOKUP(TO_TEXT(B32), INDEX(TO_TEXT('🔧 OT'!D:G)), 4, 0), ""Sin OT""))"),"Grupo 2") -> Grupo 2 | K32: OT-2026-029 | L32: enciende, no le anda la pantalla, le falta boton de encendido, desbloqueado | M32: se desbloqueo
A33: 30 | B33: AA8164125172 | C33: =IFERROR(__xludf.DUMMYFUNCTION("IF(B33="""", """", IF(REGEXMATCH(TO_TEXT(B33), ""^(AA\d{10}|EDU\d{7}|\d+|SZSES10IS\d{9})$""), ""✅"", ""⚠️""))"),"✅") -> ✅ | D33: G4 | F33: BGH | G33: 46198 | H33: Bloqueada | I33: =IF(B33="", "", IFERROR(VLOOKUP(B33, '🔧 OT'!D:N, 11, 0), IF(H33<>"", H33, "Sin OT"))) -> Finalizada OK | J33: =IFERROR(__xludf.DUMMYFUNCTION("IF(B33="""", """", IFERROR(VLOOKUP(TO_TEXT(B33), INDEX(TO_TEXT('🔧 OT'!D:G)), 4, 0), ""Sin OT""))"),"Grupo 2") -> Grupo 2 | K33: OT-2026-030 | L33: enciende, desbloqueando | M33: se desbloqueo
A34: 31 | B34: AA0326026495 | C34: =IFERROR(__xludf.DUMMYFUNCTION("IF(B34="""", """", IF(REGEXMATCH(TO_TEXT(B34), ""^(AA\d{10}|EDU\d{7}|\d+|SZSES10IS\d{9})$""), ""✅"", ""⚠️""))"),"✅") -> ✅ | D34: G5 | F34: PCBOX | G34: 46198 | H34: Bloqueada | I34: =IF(B34="", "", IFERROR(VLOOKUP(B34, '🔧 OT'!D:N, 11, 0), IF(H34<>"", H34, "Sin OT"))) -> Finalizada OK | J34: =IFERROR(__xludf.DUMMYFUNCTION("IF(B34="""", """", IFERROR(VLOOKUP(TO_TEXT(B34), INDEX(TO_TEXT('🔧 OT'!D:G)), 4, 0), ""Sin OT""))"),"Grupo 2") -> Grupo 2 | K34: OT-2026-031 | L34: enciende, pantalla rota | M34: se la lleva el FED de beriso
A35: 32 | B35: AA8164087878 | C35: =IFERROR(__xludf.DUMMYFUNCTION("IF(B35="""", """", IF(REGEXMATCH(TO_TEXT(B35), ""^(AA\d{10}|EDU\d{7}|\d+|SZSES10IS\d{9})$""), ""✅"", ""⚠️""))"),"✅") -> ✅ | D35: G5 | F35: EXO | G35: 46198 | H35: Bloqueada | I35: =IF(B35="", "", IFERROR(VLOOKUP(B35, '🔧 OT'!D:N, 11, 0), IF(H35<>"", H35, "Sin OT"))) -> Finalizada OK | J35: =IFERROR(__xludf.DUMMYFUNCTION("IF(B35="""", """", IFERROR(VLOOKUP(TO_TEXT(B35), INDEX(TO_TEXT('🔧 OT'!D:G)), 4, 0), ""Sin OT""))"),"Grupo 1") -> Grupo 1 | K35: OT-2026-032 | L35: REVISA EL PROFE
A36: 33 | B36: AA7861001986 | C36: =IFERROR(__xludf.DUMMYFUNCTION("IF(B36="""", """", IF(REGEXMATCH(TO_TEXT(B36), ""^(AA\d{10}|EDU\d{7}|\d+|SZSES10IS\d{9})$""), ""✅"", ""⚠️""))"),"✅") -> ✅ | D36: G8 | F36: NOVATECH | G36: 46198 | H36: Bloqueada | I36: =IF(B36="", "", IFERROR(VLOOKUP(B36, '🔧 OT'!D:N, 11, 0), IF(H36<>"", H36, "Sin OT"))) -> Finalizada OK | J36: =IFERROR(__xludf.DUMMYFUNCTION("IF(B36="""", """", IFERROR(VLOOKUP(TO_TEXT(B36), INDEX(TO_TEXT('🔧 OT'!D:G)), 4, 0), ""Sin OT""))"),"Grupo 1") -> Grupo 1 | K36: OT-2026-033 | L36: REVISA EL PROFE, NO TOCAR!
A37: 34 | B37: AA1313122485 | C37: =IFERROR(__xludf.DUMMYFUNCTION("IF(B37="""", """", IF(REGEXMATCH(TO_TEXT(B37), ""^(AA\d{10}|EDU\d{7}|\d+|SZSES10IS\d{9})$""), ""✅"", ""⚠️""))"),"✅") -> ✅ | D37: G4 | F37: BGH | G37: 46202 | H37: Bloqueada | I37: =IF(B37="", "", IFERROR(VLOOKUP(B37, '🔧 OT'!D:N, 11, 0), IF(H37<>"", H37, "Sin OT"))) -> Finalizada OK | J37: =IFERROR(__xludf.DUMMYFUNCTION("IF(B37="""", """", IFERROR(VLOOKUP(TO_TEXT(B37), INDEX(TO_TEXT('🔧 OT'!D:G)), 4, 0), ""Sin OT""))"),"Grupo 1") -> Grupo 1 | K37: OT-2026-034 | L37: No tiene batería y está bloqueada. | M37: se desbloqueo
A38: 35 | B38: AA9163603786 | C38: =IFERROR(__xludf.DUMMYFUNCTION("IF(B38="""", """", IF(REGEXMATCH(TO_TEXT(B38), ""^(AA\d{10}|EDU\d{7}|\d+|SZSES10IS\d{9})$""), ""✅"", ""⚠️""))"),"✅") -> ✅ | D38: G4 | F38: EXO | G38: 46202 | H38: Recibida | I38: =IF(B38="", "", IFERROR(VLOOKUP(B38, '🔧 OT'!D:N, 11, 0), IF(H38<>"", H38, "Sin OT"))) -> Derivada | J38: =IFERROR(__xludf.DUMMYFUNCTION("IF(B38="""", """", IFERROR(VLOOKUP(TO_TEXT(B38), INDEX(TO_TEXT('🔧 OT'!D:G)), 4, 0), ""Sin OT""))"),"Grupo 1") -> Grupo 1 | K38: OT-2026-035 | L38: No tiene batería y no prende | M38: se derivó como repuestos
A39: 36 | B39: AA6183076205 | C39: =IFERROR(__xludf.DUMMYFUNCTION("IF(B39="""", """", IF(REGEXMATCH(TO_TEXT(B39), ""^(AA\d{10}|EDU\d{7}|\d+|SZSES10IS\d{9})$""), ""✅"", ""⚠️""))"),"✅") -> ✅ | D39: G4 | F39: NOVATECH | G39: 46202 | H39: Desbloqueada | I39: =IF(B39="", "", IFERROR(VLOOKUP(B39, '🔧 OT'!D:N, 11, 0), IF(H39<>"", H39, "Sin OT"))) -> Finalizada OK | J39: =IFERROR(__xludf.DUMMYFUNCTION("IF(B39="""", """", IFERROR(VLOOKUP(TO_TEXT(B39), INDEX(TO_TEXT('🔧 OT'!D:G)), 4, 0), ""Sin OT""))"),"Grupo 1") -> Grupo 1 | K39: OT-2026-036 | L39: Se encuentra con el grub dañado, el disco no anda bien | M39: se desbloqueo, se instaló el so
A40: 37 | B40: AA0313123073 | C40: =IFERROR(__xludf.DUMMYFUNCTION("IF(B40="""", """", IF(REGEXMATCH(TO_TEXT(B40), ""^(AA\d{10}|EDU\d{7}|\d+|SZSES10IS\d{9})$""), ""✅"", ""⚠️""))"),"✅") -> ✅ | D40: G4 | F40: BGH | G40: 46202 | H40: Bloqueada | I40: =IF(B40="", "", IFERROR(VLOOKUP(B40, '🔧 OT'!D:N, 11, 0), IF(H40<>"", H40, "Sin OT"))) -> Finalizada OK | J40: =IFERROR(__xludf.DUMMYFUNCTION("IF(B40="""", """", IFERROR(VLOOKUP(TO_TEXT(B40), INDEX(TO_TEXT('🔧 OT'!D:G)), 4, 0), ""Sin OT""))"),"Grupo 1") -> Grupo 1 | K40: OT-2026-037 | L40: Bloqueada, tiene la pantalla rota y no tiene batería | M40: se desbloqueo, se está instalando so
A41: 38 | B41: AA3313607599 | C41: =IFERROR(__xludf.DUMMYFUNCTION("IF(B41="""", """", IF(REGEXMATCH(TO_TEXT(B41), ""^(AA\d{10}|EDU\d{7}|\d+|SZSES10IS\d{9})$""), ""✅"", ""⚠️""))"),"✅") -> ✅ | D41: G4 | F41: BGH | G41: 46202 | H41: Bloqueada | I41: =IF(B41="", "", IFERROR(VLOOKUP(B41, '🔧 OT'!D:N, 11, 0), IF(H41<>"", H41, "Sin OT"))) -> Derivada | J41: =IFERROR(__xludf.DUMMYFUNCTION("IF(B41="""", """", IFERROR(VLOOKUP(TO_TEXT(B41), INDEX(TO_TEXT('🔧 OT'!D:G)), 4, 0), ""Sin OT""))"),"Grupo 1") -> Grupo 1 | K41: OT-2026-038 | L41: Bloqueada, no le anda el teclado, tiene la pantalla y no tiene batería | M41: se desbloqueo, quedó derivada
A42: 39 | B42: AA3313117793 | C42: =IFERROR(__xludf.DUMMYFUNCTION("IF(B42="""", """", IF(REGEXMATCH(TO_TEXT(B42), ""^(AA\d{10}|EDU\d{7}|\d+|SZSES10IS\d{9})$""), ""✅"", ""⚠️""))"),"✅") -> ✅ | D42: G4 | F42: BGH | G42: 46202 | H42: Bloqueada | I42: =IF(B42="", "", IFERROR(VLOOKUP(B42, '🔧 OT'!D:N, 11, 0), IF(H42<>"", H42, "Sin OT"))) -> Pendiente | J42: =IFERROR(__xludf.DUMMYFUNCTION("IF(B42="""", """", IFERROR(VLOOKUP(TO_TEXT(B42), INDEX(TO_TEXT('🔧 OT'!D:G)), 4, 0), ""Sin OT""))"),"Grupo 1") -> Grupo 1 | K42: OT-2026-039 | L42: Bloqueada y no tiene batería | M42: se desbloqueo, error en la instalación de so
A43: 40 | B43: AA9023626990 | C43: =IFERROR(__xludf.DUMMYFUNCTION("IF(B43="""", """", IF(REGEXMATCH(TO_TEXT(B43), ""^(AA\d{10}|EDU\d{7}|\d+|SZSES10IS\d{9})$""), ""✅"", ""⚠️""))"),"✅") -> ✅ | D43: G4 | F43: NOBLEX | G43: 46202 | H43: Bloqueada | I43: =IF(B43="", "", IFERROR(VLOOKUP(B43, '🔧 OT'!D:N, 11, 0), IF(H43<>"", H43, "Sin OT"))) -> Finalizada OK | J43: =IFERROR(__xludf.DUMMYFUNCTION("IF(B43="""", """", IFERROR(VLOOKUP(TO_TEXT(B43), INDEX(TO_TEXT('🔧 OT'!D:G)), 4, 0), ""Sin OT""))"),"Grupo 1") -> Grupo 1 | K43: OT-2026-040 | L43: Bloqueada, una de las trabas que engancha el teclado fue rota por simonetti | M43: se desbloqueo
A44: 41 | B44: AA3037034891 | C44: =IFERROR(__xludf.DUMMYFUNCTION("IF(B44="""", """", IF(REGEXMATCH(TO_TEXT(B44), ""^(AA\d{10}|EDU\d{7}|\d+|SZSES10IS\d{9})$""), ""✅"", ""⚠️""))"),"✅") -> ✅ | D44: G6 | F44: CORADIR | G44: 46203 | H44: Desbloqueada | I44: =IF(B44="", "", IFERROR(VLOOKUP(B44, '🔧 OT'!D:N, 11, 0), IF(H44<>"", H44, "Sin OT"))) -> Finalizada OK | J44: =IFERROR(__xludf.DUMMYFUNCTION("IF(B44="""", """", IFERROR(VLOOKUP(TO_TEXT(B44), INDEX(TO_TEXT('🔧 OT'!D:G)), 4, 0), ""Sin OT""))"),"Grupo 2") -> Grupo 2 | K44: OT-2026-041 | L44: estaba desbloqueada, se le debe reinstalara SO | M44: estaba desbloqueada, se le reinstalo SO y quedo funcionando perfectamente
A45: 42 | B45: AA7037036510 | C45: =IFERROR(__xludf.DUMMYFUNCTION("IF(B45="""", """", IF(REGEXMATCH(TO_TEXT(B45), ""^(AA\d{10}|EDU\d{7}|\d+|SZSES10IS\d{9})$""), ""✅"", ""⚠️""))"),"✅") -> ✅ | D45: G6 | F45: CORADIR | G45: 46203 | H45: Desbloqueada | I45: =IF(B45="", "", IFERROR(VLOOKUP(B45, '🔧 OT'!D:N, 11, 0), IF(H45<>"", H45, "Sin OT"))) -> Finalizada OK | J45: =IFERROR(__xludf.DUMMYFUNCTION("IF(B45="""", """", IFERROR(VLOOKUP(TO_TEXT(B45), INDEX(TO_TEXT('🔧 OT'!D:G)), 4, 0), ""Sin OT""))"),"Grupo 2") -> Grupo 2 | K45: OT-2026-042 | L45: estaba desbloqueada, se le debe reinstalara SO | M45: estaba desbloqueada, se le reinstalo SO y quedo funcionando perfectamente
A46: 43 | B46: AA6037034333 | C46: =IFERROR(__xludf.DUMMYFUNCTION("IF(B46="""", """", IF(REGEXMATCH(TO_TEXT(B46), ""^(AA\d{10}|EDU\d{7}|\d+|SZSES10IS\d{9})$""), ""✅"", ""⚠️""))"),"✅") -> ✅ | D46: G6 | F46: CORADIR | G46: 46203 | H46: Desbloqueada | I46: =IF(B46="", "", IFERROR(VLOOKUP(B46, '🔧 OT'!D:N, 11, 0), IF(H46<>"", H46, "Sin OT"))) -> Finalizada OK | J46: =IFERROR(__xludf.DUMMYFUNCTION("IF(B46="""", """", IFERROR(VLOOKUP(TO_TEXT(B46), INDEX(TO_TEXT('🔧 OT'!D:G)), 4, 0), ""Sin OT""))"),"Grupo 2") -> Grupo 2 | K46: OT-2026-043 | L46: estaba desbloqueada, se le debe reinstalara SO | M46: estaba desbloqueada, se le reinstalo SO y quedo funcionando perfectamente
A47: 44 | B47: AA0187071400 | C47: =IFERROR(__xludf.DUMMYFUNCTION("IF(B47="""", """", IF(REGEXMATCH(TO_TEXT(B47), ""^(AA\d{10}|EDU\d{7}|\d+|SZSES10IS\d{9})$""), ""✅"", ""⚠️""))"),"✅") -> ✅ | D47: G5 | F47: NOVATECH | G47: 46203 | H47: Bloqueada | I47: =IF(B47="", "", IFERROR(VLOOKUP(B47, '🔧 OT'!D:N, 11, 0), IF(H47<>"", H47, "Sin OT"))) -> Finalizada OK | J47: =IFERROR(__xludf.DUMMYFUNCTION("IF(B47="""", """", IFERROR(VLOOKUP(TO_TEXT(B47), INDEX(TO_TEXT('🔧 OT'!D:G)), 4, 0), ""Sin OT""))"),"Grupo 2") -> Grupo 2 | K47: OT-2026-044 | L47: bloqueada, se debe desbloquear y reinstalar SO | M47: estaba bloqueada, se desbloqueo y se le reinstalo SO, quedo funcionando perfectamente
A48: 45 | B48: AA0187067705 | C48: =IFERROR(__xludf.DUMMYFUNCTION("IF(B48="""", """", IF(REGEXMATCH(TO_TEXT(B48), ""^(AA\d{10}|EDU\d{7}|\d+|SZSES10IS\d{9})$""), ""✅"", ""⚠️""))"),"✅") -> ✅ | D48: G5 | F48: NOVATECH | G48: 46203 | H48: Bloqueada | I48: =IF(B48="", "", IFERROR(VLOOKUP(B48, '🔧 OT'!D:N, 11, 0), IF(H48<>"", H48, "Sin OT"))) -> Finalizada OK | J48: =IFERROR(__xludf.DUMMYFUNCTION("IF(B48="""", """", IFERROR(VLOOKUP(TO_TEXT(B48), INDEX(TO_TEXT('🔧 OT'!D:G)), 4, 0), ""Sin OT""))"),"Grupo 2") -> Grupo 2 | K48: OT-2026-045 | L48: bloqueada, se debe desbloquear y reinstalar SO | M48: estaba bloqueada, se desbloqueo y se le reinstalo SO, quedo funcionando perfectamente
A49: 46 | B49: AA4187067180 | C49: =IFERROR(__xludf.DUMMYFUNCTION("IF(B49="""", """", IF(REGEXMATCH(TO_TEXT(B49), ""^(AA\d{10}|EDU\d{7}|\d+|SZSES10IS\d{9})$""), ""✅"", ""⚠️""))"),"✅") -> ✅ | D49: G5 | F49: NOVATECH | G49: 46203 | H49: Bloqueada | I49: =IF(B49="", "", IFERROR(VLOOKUP(B49, '🔧 OT'!D:N, 11, 0), IF(H49<>"", H49, "Sin OT"))) -> Finalizada OK | J49: =IFERROR(__xludf.DUMMYFUNCTION("IF(B49="""", """", IFERROR(VLOOKUP(TO_TEXT(B49), INDEX(TO_TEXT('🔧 OT'!D:G)), 4, 0), ""Sin OT""))"),"Grupo 2") -> Grupo 2 | K49: OT-2026-046 | L49: bloqueada, se debe desbloquear y reinstalar SO | M49: estaba bloqueada, se desbloqueo y se le reinstalo SO, quedo funcionando perfectamente
A50: 47 | B50: AA3187094529 | C50: =IFERROR(__xludf.DUMMYFUNCTION("IF(B50="""", """", IF(REGEXMATCH(TO_TEXT(B50), ""^(AA\d{10}|EDU\d{7}|\d+|SZSES10IS\d{9})$""), ""✅"", ""⚠️""))"),"✅") -> ✅ | D50: G5 | F50: NOVATECH | G50: 46203 | H50: Bloqueada | I50: =IF(B50="", "", IFERROR(VLOOKUP(B50, '🔧 OT'!D:N, 11, 0), IF(H50<>"", H50, "Sin OT"))) -> Finalizada OK | J50: =IFERROR(__xludf.DUMMYFUNCTION("IF(B50="""", """", IFERROR(VLOOKUP(TO_TEXT(B50), INDEX(TO_TEXT('🔧 OT'!D:G)), 4, 0), ""Sin OT""))"),"Grupo 2") -> Grupo 2 | K50: OT-2026-047 | L50: bloqueada, se debe desbloquear y reinstalar SO | M50: estaba bloqueada, se desbloqueo y se le reinstalo SO, quedo funcionando perfectamente
A51: 48 | B51: 2023100888 | C51: =IFERROR(__xludf.DUMMYFUNCTION("IF(B51="""", """", IF(REGEXMATCH(TO_TEXT(B51), ""^(AA\d{10}|EDU\d{7}|\d+|SZSES10IS\d{9})$""), ""✅"", ""⚠️""))"),"✅") -> ✅ | D51: --- | E51: TABLET | F51: HAITECH | G51: 46203 | H51: No Enciende | I51: =IF(B51="", "", IFERROR(VLOOKUP(B51, '🔧 OT'!D:N, 11, 0), IF(H51<>"", H51, "Sin OT"))) -> Derivada | J51: =IFERROR(__xludf.DUMMYFUNCTION("IF(B51="""", """", IFERROR(VLOOKUP(TO_TEXT(B51), INDEX(TO_TEXT('🔧 OT'!D:G)), 4, 0), ""Sin OT""))"),"Grupo 2") -> Grupo 2 | K51: OT-2026-048 | L51: no prende, rayada | M51: no da señales de vida, no se pudo revisar
A52: 49 | B52: 2023100986 | C52: =IFERROR(__xludf.DUMMYFUNCTION("IF(B52="""", """", IF(REGEXMATCH(TO_TEXT(B52), ""^(AA\d{10}|EDU\d{7}|\d+|SZSES10IS\d{9})$""), ""✅"", ""⚠️""))"),"✅") -> ✅ | D52: --- | E52: TABLET | F52: HAITECH | G52: 46203 | H52: No Enciende | I52: =IF(B52="", "", IFERROR(VLOOKUP(B52, '🔧 OT'!D:N, 11, 0), IF(H52<>"", H52, "Sin OT"))) -> Derivada | J52: =IFERROR(__xludf.DUMMYFUNCTION("IF(B52="""", """", IFERROR(VLOOKUP(TO_TEXT(B52), INDEX(TO_TEXT('🔧 OT'!D:G)), 4, 0), ""Sin OT""))"),"Grupo 2") -> Grupo 2 | K52: OT-2026-049 | L52: no prende, rayada | M52: no da señales de vida, no se pudo revisar
A53: 50 | B53: AA4187054724 | C53: =IFERROR(__xludf.DUMMYFUNCTION("IF(B53="""", """", IF(REGEXMATCH(TO_TEXT(B53), ""^(AA\d{10}|EDU\d{7}|\d+|SZSES10IS\d{9})$""), ""✅"", ""⚠️""))"),"✅") -> ✅ | D53: G5 | F53: NOVATECH | G53: 46203 | H53: Bloqueada | I53: =IF(B53="", "", IFERROR(VLOOKUP(B53, '🔧 OT'!D:N, 11, 0), IF(H53<>"", H53, "Sin OT"))) -> Finalizada OK | J53: =IFERROR(__xludf.DUMMYFUNCTION("IF(B53="""", """", IFERROR(VLOOKUP(TO_TEXT(B53), INDEX(TO_TEXT('🔧 OT'!D:G)), 4, 0), ""Sin OT""))"),"Grupo 2") -> Grupo 2 | K53: OT-2026-050 | L53: bloqueada, se debe desbloquear y reinstalar SO | M53: estaba bloqueada, se desbloqueo y se le reinstalo SO, quedo funcionando perfectamente
A54: 51 | B54: AA6187091353 | C54: =IFERROR(__xludf.DUMMYFUNCTION("IF(B54="""", """", IF(REGEXMATCH(TO_TEXT(B54), ""^(AA\d{10}|EDU\d{7}|\d+|SZSES10IS\d{9})$""), ""✅"", ""⚠️""))"),"✅") -> ✅ | D54: G5 | F54: NOVATECH | G54: 46203 | H54: Bloqueada | I54: =IF(B54="", "", IFERROR(VLOOKUP(B54, '🔧 OT'!D:N, 11, 0), IF(H54<>"", H54, "Sin OT"))) -> Finalizada OK | J54: =IFERROR(__xludf.DUMMYFUNCTION("IF(B54="""", """", IFERROR(VLOOKUP(TO_TEXT(B54), INDEX(TO_TEXT('🔧 OT'!D:G)), 4, 0), ""Sin OT""))"),"Grupo 2") -> Grupo 2 | K54: OT-2026-051 | L54: estaba desbloqueada, se le debe reinstalara SO | M54: estaba desbloqueada, se le reinstalo SO y quedo funcionando perfectamente
A55: 52 | B55: AA3187094663 | C55: =IFERROR(__xludf.DUMMYFUNCTION("IF(B55="""", """", IF(REGEXMATCH(TO_TEXT(B55), ""^(AA\d{10}|EDU\d{7}|\d+|SZSES10IS\d{9})$""), ""✅"", ""⚠️""))"),"✅") -> ✅ | D55: G5 | F55: NOVATECH | G55: 46203 | H55: Bloqueada | I55: =IF(B55="", "", IFERROR(VLOOKUP(B55, '🔧 OT'!D:N, 11, 0), IF(H55<>"", H55, "Sin OT"))) -> Finalizada OK | J55: =IFERROR(__xludf.DUMMYFUNCTION("IF(B55="""", """", IFERROR(VLOOKUP(TO_TEXT(B55), INDEX(TO_TEXT('🔧 OT'!D:G)), 4, 0), ""Sin OT""))"),"Grupo 2") -> Grupo 2 | K55: OT-2026-052 | L55: bloqueada, se debe desbloquear y reinstalar SO | M55: estaba bloqueada, se desbloqueo y se le reinstalo SO, quedo funcionando perfectamente
A56: 53 | B56: AA7187079064 | C56: =IFERROR(__xludf.DUMMYFUNCTION("IF(B56="""", """", IF(REGEXMATCH(TO_TEXT(B56), ""^(AA\d{10}|EDU\d{7}|\d+|SZSES10IS\d{9})$""), ""✅"", ""⚠️""))"),"✅") -> ✅ | D56: G5 | F56: NOVATECH | G56: 46203 | H56: Bloqueada | I56: =IF(B56="", "", IFERROR(VLOOKUP(B56, '🔧 OT'!D:N, 11, 0), IF(H56<>"", H56, "Sin OT"))) -> Finalizada OK | J56: =IFERROR(__xludf.DUMMYFUNCTION("IF(B56="""", """", IFERROR(VLOOKUP(TO_TEXT(B56), INDEX(TO_TEXT('🔧 OT'!D:G)), 4, 0), ""Sin OT""))"),"Grupo 2") -> Grupo 2 | K56: OT-2026-053 | L56: bloqueada, se debe desbloquear y reinstalar SO | M56: estaba bloqueada, se desbloqueo y se le reinstalo SO, quedo funcionando perfectamente
A57: 54 | B57: AA7037036435 | C57: =IFERROR(__xludf.DUMMYFUNCTION("IF(B57="""", """", IF(REGEXMATCH(TO_TEXT(B57), ""^(AA\d{10}|EDU\d{7}|\d+|SZSES10IS\d{9})$""), ""✅"", ""⚠️""))"),"✅") -> ✅ | D57: G6 | F57: CORADIR | G57: 46203 | H57: Desbloqueada | I57: =IF(B57="", "", IFERROR(VLOOKUP(B57, '🔧 OT'!D:N, 11, 0), IF(H57<>"", H57, "Sin OT"))) -> Finalizada OK | J57: =IFERROR(__xludf.DUMMYFUNCTION("IF(B57="""", """", IFERROR(VLOOKUP(TO_TEXT(B57), INDEX(TO_TEXT('🔧 OT'!D:G)), 4, 0), ""Sin OT""))"),"Grupo 2") -> Grupo 2 | K57: OT-2026-054 | L57: estaba desbloqueada, se le debe reinstalara SO | M57: estaba desbloqueada, se le reinstalo SO y quedo funcionando perfectamente
A58: 55 | B58: EDU8237701 | C58: =IFERROR(__xludf.DUMMYFUNCTION("IF(B58="""", """", IF(REGEXMATCH(TO_TEXT(B58), ""^(AA\d{10}|EDU\d{7}|\d+|SZSES10IS\d{9})$""), ""✅"", ""⚠️""))"),"✅") -> ✅ | D58: G6 | E58: SCHOOLMATE 16ME | F58: BGH | G58: 46204 | H58: Bloqueada | I58: =IF(B58="", "", IFERROR(VLOOKUP(B58, '🔧 OT'!D:N, 11, 0), IF(H58<>"", H58, "Sin OT"))) -> Finalizada OK | J58: =IFERROR(__xludf.DUMMYFUNCTION("IF(B58="""", """", IFERROR(VLOOKUP(TO_TEXT(B58), INDEX(TO_TEXT('🔧 OT'!D:G)), 4, 0), ""Sin OT""))"),"Grupo 1") -> Grupo 1 | K58: OT-2026-055 | L58: bloqueada
A59: 56 | B59: EDU8264762 | C59: =IFERROR(__xludf.DUMMYFUNCTION("IF(B59="""", """", IF(REGEXMATCH(TO_TEXT(B59), ""^(AA\d{10}|EDU\d{7}|\d+|SZSES10IS\d{9})$""), ""✅"", ""⚠️""))"),"✅") -> ✅ | D59: G6 | E59: SCHOOLMATE 16ME | F59: BGH | G59: 46204 | H59: Bloqueada | I59: =IF(B59="", "", IFERROR(VLOOKUP(B59, '🔧 OT'!D:N, 11, 0), IF(H59<>"", H59, "Sin OT"))) -> Finalizada OK | J59: =IFERROR(__xludf.DUMMYFUNCTION("IF(B59="""", """", IFERROR(VLOOKUP(TO_TEXT(B59), INDEX(TO_TEXT('🔧 OT'!D:G)), 4, 0), ""Sin OT""))"),"Grupo 1") -> Grupo 1 | K59: OT-2026-056 | L59: bloqueada | M59: estaba bloqueada
A60: 57 | B60: EDU8264080 | C60: =IFERROR(__xludf.DUMMYFUNCTION("IF(B60="""", """", IF(REGEXMATCH(TO_TEXT(B60), ""^(AA\d{10}|EDU\d{7}|\d+|SZSES10IS\d{9})$""), ""✅"", ""⚠️""))"),"✅") -> ✅ | D60: G6 | E60: SCHOOLMATE 16ME | F60: BGH | G60: 46204 | H60: Bloqueada | I60: =IF(B60="", "", IFERROR(VLOOKUP(B60, '🔧 OT'!D:N, 11, 0), IF(H60<>"", H60, "Sin OT"))) -> Finalizada OK | J60: =IFERROR(__xludf.DUMMYFUNCTION("IF(B60="""", """", IFERROR(VLOOKUP(TO_TEXT(B60), INDEX(TO_TEXT('🔧 OT'!D:G)), 4, 0), ""Sin OT""))"),"Grupo 1") -> Grupo 1 | K60: OT-2026-057 | L60: bloqueada, el SO funciona un poco lento | M60: estaba bloqueada
A61: 58 | B61: EDU8247404 | C61: =IFERROR(__xludf.DUMMYFUNCTION("IF(B61="""", """", IF(REGEXMATCH(TO_TEXT(B61), ""^(AA\d{10}|EDU\d{7}|\d+|SZSES10IS\d{9})$""), ""✅"", ""⚠️""))"),"✅") -> ✅ | D61: G6 | E61: SCHOOLMATE 16ME | F61: BGH | G61: 46204 | H61: Bloqueada | I61: =IF(B61="", "", IFERROR(VLOOKUP(B61, '🔧 OT'!D:N, 11, 0), IF(H61<>"", H61, "Sin OT"))) -> Finalizada OK | J61: =IFERROR(__xludf.DUMMYFUNCTION("IF(B61="""", """", IFERROR(VLOOKUP(TO_TEXT(B61), INDEX(TO_TEXT('🔧 OT'!D:G)), 4, 0), ""Sin OT""))"),"Grupo 1") -> Grupo 1 | K61: OT-2026-058 | L61: bloqueada | M61: estaba bloqueada
A62: 59 | B62: EDU8266329 | C62: =IFERROR(__xludf.DUMMYFUNCTION("IF(B62="""", """", IF(REGEXMATCH(TO_TEXT(B62), ""^(AA\d{10}|EDU\d{7}|\d+|SZSES10IS\d{9})$""), ""✅"", ""⚠️""))"),"✅") -> ✅ | D62: G6 | E62: SCHOOLMATE 16ME | F62: BGH | G62: 46204 | H62: Bloqueada | I62: =IF(B62="", "", IFERROR(VLOOKUP(B62, '🔧 OT'!D:N, 11, 0), IF(H62<>"", H62, "Sin OT"))) -> Finalizada OK | J62: =IFERROR(__xludf.DUMMYFUNCTION("IF(B62="""", """", IFERROR(VLOOKUP(TO_TEXT(B62), INDEX(TO_TEXT('🔧 OT'!D:G)), 4, 0), ""Sin OT""))"),"Grupo 1") -> Grupo 1 | K62: OT-2026-059 | L62: bloqueada
A63: 60 | B63: AA3037034165 | C63: =IFERROR(__xludf.DUMMYFUNCTION("IF(B63="""", """", IF(REGEXMATCH(TO_TEXT(B63), ""^(AA\d{10}|EDU\d{7}|\d+|SZSES10IS\d{9})$""), ""✅"", ""⚠️""))"),"✅") -> ✅ | D63: G6 | E63: CDR CLASS G6 | F63: CORADIR | G63: 46204 | H63: Desbloqueada | I63: =IF(B63="", "", IFERROR(VLOOKUP(B63, '🔧 OT'!D:N, 11, 0), IF(H63<>"", H63, "Sin OT"))) -> Finalizada OK | J63: =IFERROR(__xludf.DUMMYFUNCTION("IF(B63="""", """", IFERROR(VLOOKUP(TO_TEXT(B63), INDEX(TO_TEXT('🔧 OT'!D:G)), 4, 0), ""Sin OT""))"),"Grupo 1") -> Grupo 1 | K63: OT-2026-060 | L63: desbloqueada
A64: 61 | B64: AA0037034127 | C64: =IFERROR(__xludf.DUMMYFUNCTION("IF(B64="""", """", IF(REGEXMATCH(TO_TEXT(B64), ""^(AA\d{10}|EDU\d{7}|\d+|SZSES10IS\d{9})$""), ""✅"", ""⚠️""))"),"✅") -> ✅ | D64: G6 | E64: CDR CLASS G6 | F64: CORADIR | G64: 46204 | H64: Desbloqueada | I64: =IF(B64="", "", IFERROR(VLOOKUP(B64, '🔧 OT'!D:N, 11, 0), IF(H64<>"", H64, "Sin OT"))) -> Finalizada OK | J64: =IFERROR(__xludf.DUMMYFUNCTION("IF(B64="""", """", IFERROR(VLOOKUP(TO_TEXT(B64), INDEX(TO_TEXT('🔧 OT'!D:G)), 4, 0), ""Sin OT""))"),"Grupo 1") -> Grupo 1 | K64: OT-2026-061 | L64: desbloqueada
A65: 62 | B65: AA2037034893 | C65: =IFERROR(__xludf.DUMMYFUNCTION("IF(B65="""", """", IF(REGEXMATCH(TO_TEXT(B65), ""^(AA\d{10}|EDU\d{7}|\d+|SZSES10IS\d{9})$""), ""✅"", ""⚠️""))"),"✅") -> ✅ | D65: G6 | E65: CDR CLASS G6 | F65: CORADIR | G65: 46204 | H65: Desbloqueada | I65: =IF(B65="", "", IFERROR(VLOOKUP(B65, '🔧 OT'!D:N, 11, 0), IF(H65<>"", H65, "Sin OT"))) -> Finalizada OK | J65: =IFERROR(__xludf.DUMMYFUNCTION("IF(B65="""", """", IFERROR(VLOOKUP(TO_TEXT(B65), INDEX(TO_TEXT('🔧 OT'!D:G)), 4, 0), ""Sin OT""))"),"Grupo 2") -> Grupo 2 | K65: OT-2026-062 | L65: desbloqueada, el disco está dañado y hay que cambiarlo | M65: cambiamos duro, instalamos SO
A66: 63 | B66: AA9037035289 | C66: =IFERROR(__xludf.DUMMYFUNCTION("IF(B66="""", """", IF(REGEXMATCH(TO_TEXT(B66), ""^(AA\d{10}|EDU\d{7}|\d+|SZSES10IS\d{9})$""), ""✅"", ""⚠️""))"),"✅") -> ✅ | D66: G6 | E66: CDR CLASS G6 | F66: CORADIR | G66: 46204 | H66: Desbloqueada | I66: =IF(B66="", "", IFERROR(VLOOKUP(B66, '🔧 OT'!D:N, 11, 0), IF(H66<>"", H66, "Sin OT"))) -> Finalizada OK | J66: =IFERROR(__xludf.DUMMYFUNCTION("IF(B66="""", """", IFERROR(VLOOKUP(TO_TEXT(B66), INDEX(TO_TEXT('🔧 OT'!D:G)), 4, 0), ""Sin OT""))"),"Grupo 1") -> Grupo 1 | K66: OT-2026-063 | L66: desbloqueada
A67: 64 | B67: AA3037036392 | C67: =IFERROR(__xludf.DUMMYFUNCTION("IF(B67="""", """", IF(REGEXMATCH(TO_TEXT(B67), ""^(AA\d{10}|EDU\d{7}|\d+|SZSES10IS\d{9})$""), ""✅"", ""⚠️""))"),"✅") -> ✅ | D67: G6 | E67: CDR CLASS G6 | F67: CORADIR | G67: 46204 | H67: Desbloqueada | I67: =IF(B67="", "", IFERROR(VLOOKUP(B67, '🔧 OT'!D:N, 11, 0), IF(H67<>"", H67, "Sin OT"))) -> Finalizada OK | J67: =IFERROR(__xludf.DUMMYFUNCTION("IF(B67="""", """", IFERROR(VLOOKUP(TO_TEXT(B67), INDEX(TO_TEXT('🔧 OT'!D:G)), 4, 0), ""Sin OT""))"),"Grupo 1") -> Grupo 1 | K67: OT-2026-064 | L67: desbloqueada
A68: 65 | B68: AA1037035816 | C68: =IFERROR(__xludf.DUMMYFUNCTION("IF(B68="""", """", IF(REGEXMATCH(TO_TEXT(B68), ""^(AA\d{10}|EDU\d{7}|\d+|SZSES10IS\d{9})$""), ""✅"", ""⚠️""))"),"✅") -> ✅ | D68: G6 | E68: CDR CLASS G6 | F68: CORADIR | G68: 46204 | H68: Desbloqueada | I68: =IF(B68="", "", IFERROR(VLOOKUP(B68, '🔧 OT'!D:N, 11, 0), IF(H68<>"", H68, "Sin OT"))) -> Finalizada OK | J68: =IFERROR(__xludf.DUMMYFUNCTION("IF(B68="""", """", IFERROR(VLOOKUP(TO_TEXT(B68), INDEX(TO_TEXT('🔧 OT'!D:G)), 4, 0), ""Sin OT""))"),"Grupo 2") -> Grupo 2 | K68: OT-2026-065 | L68: desbloqueada
A69: 66 | B69: AA8037035907 | C69: =IFERROR(__xludf.DUMMYFUNCTION("IF(B69="""", """", IF(REGEXMATCH(TO_TEXT(B69), ""^(AA\d{10}|EDU\d{7}|\d+|SZSES10IS\d{9})$""), ""✅"", ""⚠️""))"),"✅") -> ✅ | D69: G6 | E69: CDR CLASS G6 | F69: CORADIR | G69: 46204 | H69: Desbloqueada | I69: =IF(B69="", "", IFERROR(VLOOKUP(B69, '🔧 OT'!D:N, 11, 0), IF(H69<>"", H69, "Sin OT"))) -> Finalizada OK | J69: =IFERROR(__xludf.DUMMYFUNCTION("IF(B69="""", """", IFERROR(VLOOKUP(TO_TEXT(B69), INDEX(TO_TEXT('🔧 OT'!D:G)), 4, 0), ""Sin OT""))"),"Grupo 2") -> Grupo 2 | K69: OT-2026-066 | L69: desbloqueada
A70: 67 | B70: AA2037032010 | C70: =IFERROR(__xludf.DUMMYFUNCTION("IF(B70="""", """", IF(REGEXMATCH(TO_TEXT(B70), ""^(AA\d{10}|EDU\d{7}|\d+|SZSES10IS\d{9})$""), ""✅"", ""⚠️""))"),"✅") -> ✅ | D70: G6 | E70: CDR CLASS G6 | F70: CORADIR | G70: 46204 | H70: Desbloqueada | I70: =IF(B70="", "", IFERROR(VLOOKUP(B70, '🔧 OT'!D:N, 11, 0), IF(H70<>"", H70, "Sin OT"))) -> Finalizada OK | J70: =IFERROR(__xludf.DUMMYFUNCTION("IF(B70="""", """", IFERROR(VLOOKUP(TO_TEXT(B70), INDEX(TO_TEXT('🔧 OT'!D:G)), 4, 0), ""Sin OT""))"),"Grupo 2") -> Grupo 2 | K70: OT-2026-067 | L70: desbloqueada | M70: se instalo SO
A71: 68 | B71: AA4037036441 | C71: =IFERROR(__xludf.DUMMYFUNCTION("IF(B71="""", """", IF(REGEXMATCH(TO_TEXT(B71), ""^(AA\d{10}|EDU\d{7}|\d+|SZSES10IS\d{9})$""), ""✅"", ""⚠️""))"),"✅") -> ✅ | D71: G6 | E71: CDR CLASS G6 | F71: CORADIR | G71: 46204 | H71: Desbloqueada | I71: =IF(B71="", "", IFERROR(VLOOKUP(B71, '🔧 OT'!D:N, 11, 0), IF(H71<>"", H71, "Sin OT"))) -> Finalizada OK | J71: =IFERROR(__xludf.DUMMYFUNCTION("IF(B71="""", """", IFERROR(VLOOKUP(TO_TEXT(B71), INDEX(TO_TEXT('🔧 OT'!D:G)), 4, 0), ""Sin OT""))"),"Grupo 1") -> Grupo 1 | K71: OT-2026-068 | L71: desbloqueada
A72: 69 | B72: AA4037034120 | C72: =IFERROR(__xludf.DUMMYFUNCTION("IF(B72="""", """", IF(REGEXMATCH(TO_TEXT(B72), ""^(AA\d{10}|EDU\d{7}|\d+|SZSES10IS\d{9})$""), ""✅"", ""⚠️""))"),"✅") -> ✅ | D72: G6 | E72: CDR CLASS G6 | F72: CORADIR | G72: 46204 | H72: Desbloqueada | I72: =IF(B72="", "", IFERROR(VLOOKUP(B72, '🔧 OT'!D:N, 11, 0), IF(H72<>"", H72, "Sin OT"))) -> Finalizada OK | J72: =IFERROR(__xludf.DUMMYFUNCTION("IF(B72="""", """", IFERROR(VLOOKUP(TO_TEXT(B72), INDEX(TO_TEXT('🔧 OT'!D:G)), 4, 0), ""Sin OT""))"),"Grupo 2") -> Grupo 2 | K72: OT-2026-069 | L72: desbloqueada
A73: 70 | B73: AA1037034892 | C73: =IFERROR(__xludf.DUMMYFUNCTION("IF(B73="""", """", IF(REGEXMATCH(TO_TEXT(B73), ""^(AA\d{10}|EDU\d{7}|\d+|SZSES10IS\d{9})$""), ""✅"", ""⚠️""))"),"✅") -> ✅ | D73: G6 | E73: CDR CLASS G6 | F73: CORADIR | G73: 46204 | H73: Desbloqueada | I73: =IF(B73="", "", IFERROR(VLOOKUP(B73, '🔧 OT'!D:N, 11, 0), IF(H73<>"", H73, "Sin OT"))) -> Finalizada OK | J73: =IFERROR(__xludf.DUMMYFUNCTION("IF(B73="""", """", IFERROR(VLOOKUP(TO_TEXT(B73), INDEX(TO_TEXT('🔧 OT'!D:G)), 4, 0), ""Sin OT""))"),"Grupo 1") -> Grupo 1 | K73: OT-2026-070 | L73: bloqueada | M73: se desbloqueo y se instalo SO
A74: 71 | B74: AA4313128459 | C74: =IFERROR(__xludf.DUMMYFUNCTION("IF(B74="""", """", IF(REGEXMATCH(TO_TEXT(B74), ""^(AA\d{10}|EDU\d{7}|\d+|SZSES10IS\d{9})$""), ""✅"", ""⚠️""))"),"✅") -> ✅ | D74: G4 | F74: BGH | G74: 46204 | H74: Bloqueada | I74: =IF(B74="", "", IFERROR(VLOOKUP(B74, '🔧 OT'!D:N, 11, 0), IF(H74<>"", H74, "Sin OT"))) -> Finalizada OK | J74: =IFERROR(__xludf.DUMMYFUNCTION("IF(B74="""", """", IFERROR(VLOOKUP(TO_TEXT(B74), INDEX(TO_TEXT('🔧 OT'!D:G)), 4, 0), ""Sin OT""))"),"Grupo 1") -> Grupo 1 | K74: OT-2026-071 | L74: bloqueada | M74: se desbloqueo y se instalo SO
A75: 72 | B75: AA1313627610 | C75: =IFERROR(__xludf.DUMMYFUNCTION("IF(B75="""", """", IF(REGEXMATCH(TO_TEXT(B75), ""^(AA\d{10}|EDU\d{7}|\d+|SZSES10IS\d{9})$""), ""✅"", ""⚠️""))"),"✅") -> ✅ | D75: G4 | F75: BGH | G75: 46204 | H75: Bloqueada | I75: =IF(B75="", "", IFERROR(VLOOKUP(B75, '🔧 OT'!D:N, 11, 0), IF(H75<>"", H75, "Sin OT"))) -> Probando | J75: =IFERROR(__xludf.DUMMYFUNCTION("IF(B75="""", """", IFERROR(VLOOKUP(TO_TEXT(B75), INDEX(TO_TEXT('🔧 OT'!D:G)), 4, 0), ""Sin OT""))"),"Grupo 1") -> Grupo 1 | K75: OT-2026-072 | L75: bloqueada, no detecta el disco | M75: se desbloqueo y se instalo SO
A76: 73 | B76: EDU3140088 | C76: =IFERROR(__xludf.DUMMYFUNCTION("IF(B76="""", """", IF(REGEXMATCH(TO_TEXT(B76), ""^(AA\d{10}|EDU\d{7}|\d+|SZSES10IS\d{9})$""), ""✅"", ""⚠️""))"),"✅") -> ✅ | D76: G4 | F76: BGH | G76: 46205 | H76: Bloqueada | I76: =IF(B76="", "", IFERROR(VLOOKUP(B76, '🔧 OT'!D:N, 11, 0), IF(H76<>"", H76, "Sin OT"))) -> Finalizada OK | J76: =IFERROR(__xludf.DUMMYFUNCTION("IF(B76="""", """", IFERROR(VLOOKUP(TO_TEXT(B76), INDEX(TO_TEXT('🔧 OT'!D:G)), 4, 0), ""Sin OT""))"),"Grupo 2") -> Grupo 2 | K76: OT-2026-073 | L76: esta loqueada, le falta una tecla | M76: se desbloqueo y se instalo SO
A77: 74 | B77: AA0000000000 | C77: =IFERROR(__xludf.DUMMYFUNCTION("IF(B77="""", """", IF(REGEXMATCH(TO_TEXT(B77), ""^(AA\d{10}|EDU\d{7}|\d+|SZSES10IS\d{9})$""), ""✅"", ""⚠️""))"),"✅") -> ✅ | D77: G4 | F77: BGH | G77: 46205 | H77: Bloqueada | I77: =IF(B77="", "", IFERROR(VLOOKUP(B77, '🔧 OT'!D:N, 11, 0), IF(H77<>"", H77, "Sin OT"))) -> Finalizada OK | J77: =IFERROR(__xludf.DUMMYFUNCTION("IF(B77="""", """", IFERROR(VLOOKUP(TO_TEXT(B77), INDEX(TO_TEXT('🔧 OT'!D:G)), 4, 0), ""Sin OT""))"),"Grupo 2") -> Grupo 2 | K77: OT-2026-074 | L77: establoqueada y le falta pila | M77: se desbloqueo, se puso pila y se instalo SO
A78: 75 | B78: PF4SXF3S | C78: =IFERROR(__xludf.DUMMYFUNCTION("IF(B78="""", """", IF(REGEXMATCH(TO_TEXT(B78), ""^(AA\d{10}|EDU\d{7}|\d+|SZSES10IS\d{9})$""), ""✅"", ""⚠️""))"),"⚠️") -> ⚠️ | D78: --- | E78: THINKPAD | F78: LENOVO | G78: 46205 | H78: Diagnosticada | I78: =IF(B78="", "", IFERROR(VLOOKUP(B78, '🔧 OT'!D:N, 11, 0), IF(H78<>"", H78, "Sin OT"))) -> Finalizada OK | J78: =IFERROR(__xludf.DUMMYFUNCTION("IF(B78="""", """", IFERROR(VLOOKUP(TO_TEXT(B78), INDEX(TO_TEXT('🔧 OT'!D:G)), 4, 0), ""Sin OT""))"),"Grupo 2") -> Grupo 2 | K78: OT-2026-075 | L78: Equipo funciona correctamente | M78: Se desinstala la versión de prueba del McAfee y se reemplaza por Avast
A79: 76 | B79: PF4RJARB | C79: =IFERROR(__xludf.DUMMYFUNCTION("IF(B79="""", """", IF(REGEXMATCH(TO_TEXT(B79), ""^(AA\d{10}|EDU\d{7}|\d+|SZSES10IS\d{9})$""), ""✅"", ""⚠️""))"),"⚠️") -> ⚠️ | D79: --- | E79: THINKPAD | F79: LENOVO | G79: 46205 | H79: Diagnosticada | I79: =IF(B79="", "", IFERROR(VLOOKUP(B79, '🔧 OT'!D:N, 11, 0), IF(H79<>"", H79, "Sin OT"))) -> Finalizada OK | J79: =IFERROR(__xludf.DUMMYFUNCTION("IF(B79="""", """", IFERROR(VLOOKUP(TO_TEXT(B79), INDEX(TO_TEXT('🔧 OT'!D:G)), 4, 0), ""Sin OT""))"),"Grupo 2") -> Grupo 2 | K79: OT-2026-076 | L79: Equipo funciona correctamente | M79: Se desinstala la versión de prueba del McAfee y se reemplaza por Avast
A80: 77 | B80: PF4SXE5N | C80: =IFERROR(__xludf.DUMMYFUNCTION("IF(B80="""", """", IF(REGEXMATCH(TO_TEXT(B80), ""^(AA\d{10}|EDU\d{7}|\d+|SZSES10IS\d{9})$""), ""✅"", ""⚠️""))"),"⚠️") -> ⚠️ | D80: --- | E80: THINKPAD | F80: LENOVO | G80: 46205 | H80: Diagnosticada | I80: =IF(B80="", "", IFERROR(VLOOKUP(B80, '🔧 OT'!D:N, 11, 0), IF(H80<>"", H80, "Sin OT"))) -> Finalizada OK | J80: =IFERROR(__xludf.DUMMYFUNCTION("IF(B80="""", """", IFERROR(VLOOKUP(TO_TEXT(B80), INDEX(TO_TEXT('🔧 OT'!D:G)), 4, 0), ""Sin OT""))"),"Grupo 2") -> Grupo 2 | K80: OT-2026-077 | L80: Equipo funciona correctamente | M80: Se desinstala la versión de prueba del McAfee y se reemplaza por Avast
A81: 78 | B81: PF4RPDMQ | C81: =IFERROR(__xludf.DUMMYFUNCTION("IF(B81="""", """", IF(REGEXMATCH(TO_TEXT(B81), ""^(AA\d{10}|EDU\d{7}|\d+|SZSES10IS\d{9})$""), ""✅"", ""⚠️""))"),"⚠️") -> ⚠️ | D81: --- | E81: THINKPAD | F81: LENOVO | G81: 46205 | H81: Diagnosticada | I81: =IF(B81="", "", IFERROR(VLOOKUP(B81, '🔧 OT'!D:N, 11, 0), IF(H81<>"", H81, "Sin OT"))) -> Finalizada OK | J81: =IFERROR(__xludf.DUMMYFUNCTION("IF(B81="""", """", IFERROR(VLOOKUP(TO_TEXT(B81), INDEX(TO_TEXT('🔧 OT'!D:G)), 4, 0), ""Sin OT""))"),"Grupo 2") -> Grupo 2 | K81: OT-2026-078 | L81: Equipo funciona correctamente | M81: Se desinstala la versión de prueba del McAfee y se reemplaza por Avast
A82: 79 | B82: EDU8140097 | C82: =IFERROR(__xludf.DUMMYFUNCTION("IF(B82="""", """", IF(REGEXMATCH(TO_TEXT(B82), ""^(AA\d{10}|EDU\d{7}|\d+|SZSES10IS\d{9})$""), ""✅"", ""⚠️""))"),"✅") -> ✅ | D82: G4 | F82: BGH | G82: 46205 | H82: Bloqueada | I82: =IF(B82="", "", IFERROR(VLOOKUP(B82, '🔧 OT'!D:N, 11, 0), IF(H82<>"", H82, "Sin OT"))) -> Finalizada OK | J82: =IFERROR(__xludf.DUMMYFUNCTION("IF(B82="""", """", IFERROR(VLOOKUP(TO_TEXT(B82), INDEX(TO_TEXT('🔧 OT'!D:G)), 4, 0), ""Sin OT""))"),"Grupo 1") -> Grupo 1 | K82: OT-2026-079 | L82: esta bloqueada, falta cambiar pila | M82: FUNCIONA TODO, SE LE INSTALO SO
A83: 80 | B83: EDU8140052 | C83: =IFERROR(__xludf.DUMMYFUNCTION("IF(B83="""", """", IF(REGEXMATCH(TO_TEXT(B83), ""^(AA\d{10}|EDU\d{7}|\d+|SZSES10IS\d{9})$""), ""✅"", ""⚠️""))"),"✅") -> ✅ | D83: G4 | F83: BGH | G83: 46205 | H83: Bloqueada | I83: =IF(B83="", "", IFERROR(VLOOKUP(B83, '🔧 OT'!D:N, 11, 0), IF(H83<>"", H83, "Sin OT"))) -> Finalizada OK | J83: =IFERROR(__xludf.DUMMYFUNCTION("IF(B83="""", """", IFERROR(VLOOKUP(TO_TEXT(B83), INDEX(TO_TEXT('🔧 OT'!D:G)), 4, 0), ""Sin OT""))"),"Grupo 1") -> Grupo 1 | K83: OT-2026-080 | L83: esta bloqueada y le falta una tecla | M83: funciona todo , se le instalo SO
A84: 81 | B84: EDU8149393 | C84: =IFERROR(__xludf.DUMMYFUNCTION("IF(B84="""", """", IF(REGEXMATCH(TO_TEXT(B84), ""^(AA\d{10}|EDU\d{7}|\d+|SZSES10IS\d{9})$""), ""✅"", ""⚠️""))"),"✅") -> ✅ | D84: G4 | F84: BGH | G84: 46205 | H84: Bloqueada | I84: =IF(B84="", "", IFERROR(VLOOKUP(B84, '🔧 OT'!D:N, 11, 0), IF(H84<>"", H84, "Sin OT"))) -> Finalizada OK | J84: =IFERROR(__xludf.DUMMYFUNCTION("IF(B84="""", """", IFERROR(VLOOKUP(TO_TEXT(B84), INDEX(TO_TEXT('🔧 OT'!D:G)), 4, 0), ""Sin OT""))"),"Grupo 1") -> Grupo 1 | K84: OT-2026-081 | L84: falta tecla F9 y tecla 8 y pila | M84: se desbloqueo y se le cambio pila e instalo SO
A85: 82 | B85: EDU8155813 | C85: =IFERROR(__xludf.DUMMYFUNCTION("IF(B85="""", """", IF(REGEXMATCH(TO_TEXT(B85), ""^(AA\d{10}|EDU\d{7}|\d+|SZSES10IS\d{9})$""), ""✅"", ""⚠️""))"),"✅") -> ✅ | D85: G4 | E85: Schoolmate15c | F85: BGH | G85: 46209 | H85: Bloqueada | I85: =IF(B85="", "", IFERROR(VLOOKUP(B85, '🔧 OT'!D:N, 11, 0), IF(H85<>"", H85, "Sin OT"))) -> Finalizada OK | J85: =IFERROR(__xludf.DUMMYFUNCTION("IF(B85="""", """", IFERROR(VLOOKUP(TO_TEXT(B85), INDEX(TO_TEXT('🔧 OT'!D:G)), 4, 0), ""Sin OT""))"),"Grupo 1") -> Grupo 1 | K85: OT-2026-082 | L85: Esta bloqueada, el flex del mousepad esta roto | M85: se desbloqueo , se le cambio la pila, se le cambio la carcasa y se le instalo SO
A86: 83 | B86: EDU8140050 | C86: =IFERROR(__xludf.DUMMYFUNCTION("IF(B86="""", """", IF(REGEXMATCH(TO_TEXT(B86), ""^(AA\d{10}|EDU\d{7}|\d+|SZSES10IS\d{9})$""), ""✅"", ""⚠️""))"),"✅") -> ✅ | D86: G4 | E86: Schoolmate15c | F86: BGH | G86: 46209 | H86: Bloqueada | I86: =IF(B86="", "", IFERROR(VLOOKUP(B86, '🔧 OT'!D:N, 11, 0), IF(H86<>"", H86, "Sin OT"))) -> Finalizada OK | J86: =IFERROR(__xludf.DUMMYFUNCTION("IF(B86="""", """", IFERROR(VLOOKUP(TO_TEXT(B86), INDEX(TO_TEXT('🔧 OT'!D:G)), 4, 0), ""Sin OT""))"),"Grupo 1") -> Grupo 1 | K86: OT-2026-083 | L86: esta bloqueada | M86: SE DESBLOQUEO, SE LE ISTALO SO, se le cambio la pila, FUNCIONA TODO
A87: 84 | B87: EDU8148932 | C87: =IFERROR(__xludf.DUMMYFUNCTION("IF(B87="""", """", IF(REGEXMATCH(TO_TEXT(B87), ""^(AA\d{10}|EDU\d{7}|\d+|SZSES10IS\d{9})$""), ""✅"", ""⚠️""))"),"✅") -> ✅ | D87: G4 | E87: Schoolmate15c | F87: BGH | G87: 46209 | H87: Bloqueada | I87: =IF(B87="", "", IFERROR(VLOOKUP(B87, '🔧 OT'!D:N, 11, 0), IF(H87<>"", H87, "Sin OT"))) -> Finalizada OK | J87: =IFERROR(__xludf.DUMMYFUNCTION("IF(B87="""", """", IFERROR(VLOOKUP(TO_TEXT(B87), INDEX(TO_TEXT('🔧 OT'!D:G)), 4, 0), ""Sin OT""))"),"Grupo 1") -> Grupo 1 | K87: OT-2026-084 | L87: Esta bloqueada | M87: SE DESBLOQUEO, SE LE INSTALO SO se le cambio la pila, FUNCIONA TODO
A88: 85 | B88: EDU8140706 | C88: =IFERROR(__xludf.DUMMYFUNCTION("IF(B88="""", """", IF(REGEXMATCH(TO_TEXT(B88), ""^(AA\d{10}|EDU\d{7}|\d+|SZSES10IS\d{9})$""), ""✅"", ""⚠️""))"),"✅") -> ✅ | D88: G4 | E88: Schoolmate15c | F88: BGH | G88: 46211 | H88: Bloqueada | I88: =IF(B88="", "", IFERROR(VLOOKUP(B88, '🔧 OT'!D:N, 11, 0), IF(H88<>"", H88, "Sin OT"))) -> Finalizada OK | J88: =IFERROR(__xludf.DUMMYFUNCTION("IF(B88="""", """", IFERROR(VLOOKUP(TO_TEXT(B88), INDEX(TO_TEXT('🔧 OT'!D:G)), 4, 0), ""Sin OT""))"),"Grupo 1") -> Grupo 1 | K88: OT-2026-085 | L88: LE FALTA UNA TECLA, TIENE LA MANIJA ROTA, HAY QUE CAMBIARLE LA PILA | M88: SE DESBLOQUEO Y SE LE CAMBIO LA PILA, funciona todo, se le instalo el SO
A89: 86 | B89: SZSES10IS232301385 | C89: =IFERROR(__xludf.DUMMYFUNCTION("IF(B89="""", """", IF(REGEXMATCH(TO_TEXT(B89), ""^(AA\d{10}|EDU\d{7}|\d+|SZSES10IS\d{9})$""), ""✅"", ""⚠️""))"),"✅") -> ✅ | D89: G4 | E89: ES10IS2 | F89: HAIER | G89: 46217 | H89: Desbloqueada | I89: =IF(B89="", "", IFERROR(VLOOKUP(B89, '🔧 OT'!D:N, 11, 0), IF(H89<>"", H89, "Sin OT"))) -> Finalizada OK | J89: =IFERROR(__xludf.DUMMYFUNCTION("IF(B89="""", """", IFERROR(VLOOKUP(TO_TEXT(B89), INDEX(TO_TEXT('🔧 OT'!D:G)), 4, 0), ""Sin OT""))"),"Grupo 2") -> Grupo 2 | K89: OT-2026-086 | L89: TIENE LA PANTALLA ROTA, HAY QUE INSTALARLE EL SO, EL TECLADO TARDA EN RESPONDER, SE LE CAMBIO LA PILA | M89: se le instalo SO, SE LE CAMBIO LA PILA
A90: 87 | B90: SZSES10IS232301695 | C90: =IFERROR(__xludf.DUMMYFUNCTION("IF(B90="""", """", IF(REGEXMATCH(TO_TEXT(B90), ""^(AA\d{10}|EDU\d{7}|\d+|SZSES10IS\d{9})$""), ""✅"", ""⚠️""))"),"✅") -> ✅ | D90: G4 | E90: ES10IS2 | F90: HAIER | G90: 46211 | H90: Bloqueada | I90: =IF(B90="", "", IFERROR(VLOOKUP(B90, '🔧 OT'!D:N, 11, 0), IF(H90<>"", H90, "Sin OT"))) -> Probando | J90: =IFERROR(__xludf.DUMMYFUNCTION("IF(B90="""", """", IFERROR(VLOOKUP(TO_TEXT(B90), INDEX(TO_TEXT('🔧 OT'!D:G)), 4, 0), ""Sin OT""))"),"Grupo 1") -> Grupo 1 | K90: OT-2026-087 | L90: ESTA BLOQUEADA | M90: se desbloqueo
A91: 88 | B91: EDU8094163 | C91: =IFERROR(__xludf.DUMMYFUNCTION("IF(B91="""", """", IF(REGEXMATCH(TO_TEXT(B91), ""^(AA\d{10}|EDU\d{7}|\d+|SZSES10IS\d{9})$""), ""✅"", ""⚠️""))"),"✅") -> ✅ | D91: G4 | E91: Schoolmate15c | F91: BGH | G91: 46211 | H91: Bloqueada | I91: =IF(B91="", "", IFERROR(VLOOKUP(B91, '🔧 OT'!D:N, 11, 0), IF(H91<>"", H91, "Sin OT"))) -> Probando | J91: =IFERROR(__xludf.DUMMYFUNCTION("IF(B91="""", """", IFERROR(VLOOKUP(TO_TEXT(B91), INDEX(TO_TEXT('🔧 OT'!D:G)), 4, 0), ""Sin OT""))"),"Grupo 1") -> Grupo 1 | K91: OT-2026-088 | L91: esta bloqueada | M91: se desbloqueo, SE LE CAMBIO LA PLACA MADRE Y LA PLACA DEL ENCENDIDO, PRENDE PERO NO DA IMAGEN
A92: 89 | B92: AA3313127989 | C92: =IFERROR(__xludf.DUMMYFUNCTION("IF(B92="""", """", IF(REGEXMATCH(TO_TEXT(B92), ""^(AA\d{10}|EDU\d{7}|\d+|SZSES10IS\d{9})$""), ""✅"", ""⚠️""))"),"✅") -> ✅ | D92: G4 | E92: Schoolmate15c | F92: BGH | G92: 46211 | H92: Desbloqueada | I92: =IF(B92="", "", IFERROR(VLOOKUP(B92, '🔧 OT'!D:N, 11, 0), IF(H92<>"", H92, "Sin OT"))) -> Finalizada OK | J92: =IFERROR(__xludf.DUMMYFUNCTION("IF(B92="""", """", IFERROR(VLOOKUP(TO_TEXT(B92), INDEX(TO_TEXT('🔧 OT'!D:G)), 4, 0), ""Sin OT""))"),"Grupo 1") -> Grupo 1 | K92: OT-2026-089 | L92: ACTUALIZAR EL SISTEMA OPERATIVO | M92: SE LE ACTUALIZO EL SO, FUNCIONA TODO
A93: 90 | B93: AA6055043688 | C93: =IFERROR(__xludf.DUMMYFUNCTION("IF(B93="""", """", IF(REGEXMATCH(TO_TEXT(B93), ""^(AA\d{10}|EDU\d{7}|\d+|SZSES10IS\d{9})$""), ""✅"", ""⚠️""))"),"✅") -> ✅ | D93: G5 | G93: 46211 | H93: Desbloqueada | I93: =IF(B93="", "", IFERROR(VLOOKUP(B93, '🔧 OT'!D:N, 11, 0), IF(H93<>"", H93, "Sin OT"))) -> Probando | J93: =IFERROR(__xludf.DUMMYFUNCTION("IF(B93="""", """", IFERROR(VLOOKUP(TO_TEXT(B93), INDEX(TO_TEXT('🔧 OT'!D:G)), 4, 0), ""Sin OT""))"),"Grupo 1") -> Grupo 1 | K93: OT-2026-090 | L93: ACTUALIZAR EL SISTEMA OPERATIVO | M93: hay que cambiarle el disco porque no butea
A94: 91 | B94: SZSES10IS232301433 | C94: =IFERROR(__xludf.DUMMYFUNCTION("IF(B94="""", """", IF(REGEXMATCH(TO_TEXT(B94), ""^(AA\d{10}|EDU\d{7}|\d+|SZSES10IS\d{9})$""), ""✅"", ""⚠️""))"),"✅") -> ✅ | D94: G4 | E94: ES10IS2 | F94: HAIER | G94: 46211 | H94: Bloqueada | I94: =IF(B94="", "", IFERROR(VLOOKUP(B94, '🔧 OT'!D:N, 11, 0), IF(H94<>"", H94, "Sin OT"))) -> Finalizada OK | J94: =IFERROR(__xludf.DUMMYFUNCTION("IF(B94="""", """", IFERROR(VLOOKUP(TO_TEXT(B94), INDEX(TO_TEXT('🔧 OT'!D:G)), 4, 0), ""Sin OT""))"),"Grupo 2") -> Grupo 2 | K94: OT-2026-091 | L94: ESTA BLOQUEADA, | M94: se desbloqueo, se le instalo el sistma so
A95: 92 | B95: SZSES10IS232301033 | C95: =IFERROR(__xludf.DUMMYFUNCTION("IF(B95="""", """", IF(REGEXMATCH(TO_TEXT(B95), ""^(AA\d{10}|EDU\d{7}|\d+|SZSES10IS\d{9})$""), ""✅"", ""⚠️""))"),"✅") -> ✅ | D95: G4 | E95: ES10IS2 | F95: HAIER | G95: 46216 | H95: Desbloqueada | I95: =IF(B95="", "", IFERROR(VLOOKUP(B95, '🔧 OT'!D:N, 11, 0), IF(H95<>"", H95, "Sin OT"))) -> Finalizada OK | J95: =IFERROR(__xludf.DUMMYFUNCTION("IF(B95="""", """", IFERROR(VLOOKUP(TO_TEXT(B95), INDEX(TO_TEXT('🔧 OT'!D:G)), 4, 0), ""Sin OT""))"),"Grupo 1") -> Grupo 1 | K95: OT-2026-092 | L95: ESTA DESBLOQUEADA, HAY QUE CAMBIARLE LA PANTALLA | M95: SE DESBLOQUEO, INSTALO EL SO
A96: 93 | B96: SZSES10IS232301450 | C96: =IFERROR(__xludf.DUMMYFUNCTION("IF(B96="""", """", IF(REGEXMATCH(TO_TEXT(B96), ""^(AA\d{10}|EDU\d{7}|\d+|SZSES10IS\d{9})$""), ""✅"", ""⚠️""))"),"✅") -> ✅ | D96: G4 | E96: ES10IS2 | F96: HAIER | G96: 46216 | H96: Bloqueada | I96: =IF(B96="", "", IFERROR(VLOOKUP(B96, '🔧 OT'!D:N, 11, 0), IF(H96<>"", H96, "Sin OT"))) -> Pendiente | J96: =IFERROR(__xludf.DUMMYFUNCTION("IF(B96="""", """", IFERROR(VLOOKUP(TO_TEXT(B96), INDEX(TO_TEXT('🔧 OT'!D:G)), 4, 0), ""Sin OT""))"),"Grupo 1") -> Grupo 1 | K96: OT-2026-093 | L96: ESTA BLOQUEADA, HAY QUE CAMBIARLE LA PANTALLA | M96: SE DESBLOQUEO, FALTA INSTALAR EL SO
A97: 94 | B97: SZSES10IS232301371 | C97: =IFERROR(__xludf.DUMMYFUNCTION("IF(B97="""", """", IF(REGEXMATCH(TO_TEXT(B97), ""^(AA\d{10}|EDU\d{7}|\d+|SZSES10IS\d{9})$""), ""✅"", ""⚠️""))"),"✅") -> ✅ | D97: G4 | E97: ES10IS2 | F97: HAIER | G97: 46216 | H97: Bloqueada | I97: =IF(B97="", "", IFERROR(VLOOKUP(B97, '🔧 OT'!D:N, 11, 0), IF(H97<>"", H97, "Sin OT"))) -> Finalizada OK | J97: =IFERROR(__xludf.DUMMYFUNCTION("IF(B97="""", """", IFERROR(VLOOKUP(TO_TEXT(B97), INDEX(TO_TEXT('🔧 OT'!D:G)), 4, 0), ""Sin OT""))"),"Grupo 1") -> Grupo 1 | K97: OT-2026-094 | L97: ESTA BLOQUEADA | M97: se desbloqueo, SE LE INSTALO EL SO
A98: 95 | B98: SZSES10IS232301350 | C98: =IFERROR(__xludf.DUMMYFUNCTION("IF(B98="""", """", IF(REGEXMATCH(TO_TEXT(B98), ""^(AA\d{10}|EDU\d{7}|\d+|SZSES10IS\d{9})$""), ""✅"", ""⚠️""))"),"✅") -> ✅ | D98: G4 | E98: ES10IS2 | F98: HAIER | G98: 46217 | H98: Bloqueada | I98: =IF(B98="", "", IFERROR(VLOOKUP(B98, '🔧 OT'!D:N, 11, 0), IF(H98<>"", H98, "Sin OT"))) -> Finalizada OK | J98: =IFERROR(__xludf.DUMMYFUNCTION("IF(B98="""", """", IFERROR(VLOOKUP(TO_TEXT(B98), INDEX(TO_TEXT('🔧 OT'!D:G)), 4, 0), ""Sin OT""))"),"Grupo 2") -> Grupo 2 | K98: OT-2026-095 | L98: ESTA BLOQIEADA, SE LE CAMBIO LA PILA | M98: SE DESBLOQUEO, SE LE INSTALO EL SO, SE LE CAMBIO LA PILA
A99: 96 | B99: SZSES10IS232301233 | C99: =IFERROR(__xludf.DUMMYFUNCTION("IF(B99="""", """", IF(REGEXMATCH(TO_TEXT(B99), ""^(AA\d{10}|EDU\d{7}|\d+|SZSES10IS\d{9})$""), ""✅"", ""⚠️""))"),"✅") -> ✅ | D99: G4 | E99: ES10IS2 | F99: HAIER | G99: 46217 | H99: No Enciende | I99: =IF(B99="", "", IFERROR(VLOOKUP(B99, '🔧 OT'!D:N, 11, 0), IF(H99<>"", H99, "Sin OT"))) -> Pendiente | J99: =IFERROR(__xludf.DUMMYFUNCTION("IF(B99="""", """", IFERROR(VLOOKUP(TO_TEXT(B99), INDEX(TO_TEXT('🔧 OT'!D:G)), 4, 0), ""Sin OT""))"),"Grupo 2") -> Grupo 2 | K99: OT-2026-096 | L99: TIENE LA PANTALLA SUELTA, EL BOTON DE ENCENDIDO NO DA CONTACTO | M99: se la deja en pendientes por falta de imagen en la pantalla y falta de contacto en el boton de encendido, SE LE CAMBIO LA PILA
A100: 97 | B100: SZSES10IS232301377 | C100: =IFERROR(__xludf.DUMMYFUNCTION("IF(B100="""", """", IF(REGEXMATCH(TO_TEXT(B100), ""^(AA\d{10}|EDU\d{7}|\d+|SZSES10IS\d{9})$""), ""✅"", ""⚠️""))"),"✅") -> ✅ | D100: G4 | E100: ES10IS2 | F100: HAIER | G100: 46216 | H100: Desbloqueada | I100: =IF(B100="", "", IFERROR(VLOOKUP(B100, '🔧 OT'!D:N, 11, 0), IF(H100<>"", H100, "Sin OT"))) -> Finalizada OK | J100: =IFERROR(__xludf.DUMMYFUNCTION("IF(B100="""", """", IFERROR(VLOOKUP(TO_TEXT(B100), INDEX(TO_TEXT('🔧 OT'!D:G)), 4, 0), ""Sin OT""))"),"Grupo 2") -> Grupo 2 | K100: OT-2026-097 | L100: SE NECESITA DESBLOQUEAR PERNANENTEMENTE | M100: SE HA DESBLOQUEADO, SE LE INSTALO EL SO
...

Sheet 📊 KANBAN
A1: 📊 TABLERO KANBAN
A2: Flujo visual de avance por etapa — actualizar al cambiar estado
B3: 📌 Pendientes | C3: 📌 Diagnóstico | D3: 📌 Desbloqueo | E3: 📌 Instalación SO | F3: 📌 Configuración | G3: 📌 Pruebas | H3: 📌 Finalizadas | I3: 📌 Derivar / Sin solución
A4: Total → | B4: =COUNTA(B5:B1024) -> 9 | C4: =COUNTA(C5:C1024) -> 0 | D4: =COUNTA(D5:D1024) -> 0 | E4: =COUNTA(E5:E1024) -> 1 | F4: =COUNTA(F5:F1024) -> 1 | G4: =COUNTA(G5:G1024) -> 4 | H4: =COUNTA(H5:H1024) -> 107 | I4: =COUNTA(I5:I1024) -> 14
B5: AA4313133415 | E5: AA8163608565 | F5: AA8164091529 | G5: AA1313627610 | H5: AA4163047472 | I5: AA1313665703
B6: AA5314032042 | G6: EDU8094163 | H6: AA1183076736 | I6: AA8164087864
B7: AA7033016030 | G7: SZSES10IS232301695 | H7: AA3313139031 | I7: AA9313096665
B8: AA3313117793 | G8: AA6055043688 | H8: AA1183077623 | I8: AA8313652851
B9: AA6053095790 | H9: AA6053091118 | I9: AA1053674988
B10: SZSES10IS232301233 | H10: AA1314016444 | I10: AA3313607599
B11: EDU8094169 | H11: AA7313123510 | I11: AA9163603786
B12: SZSES10IS232301450 | H12: AA1053101377 | I12: 2023100888
B13: EDU8101137 | H13: AA8313127584 | I13: 2023100986
H14: AA2183061905 | I14: AA8183003418
H15: AA9313652710 | I15: AA6163048203
H16: AA5313039059 | I16: AA2163046569
H17: AA6034019513 | I17: AA1313128777
H18: AA0313635369 | I18: AA0163604461
H19: AA1313621268
H20: AA1313122997
H21: AA5313128248
H22: AA8164119582
H23: AA0326026495
H24: AA5313133610
H25: SZSES10IS232301485
H26: AA8164125172
H27: AA1313122485
H28: AA8164087878
H29: AA6183076205
H30: AA7861001986
... H135: AA5183006282

Sheet ⚙️ ROLES
A1: ⚙️ ROTACIÓN DE ROLES SEMANALES
A2: Nombres desde ESTUDIANTES — rotación programada para 7 semanas
A3: # | B3: Apellido y Nombre | C3: Grupo | D3: Sesión 1 y 2 | E3: Sesión 3 y 4 | F3: Sesión 5 y 6 | G3: Sesión 7 y 8 | H3: Sesión 9 y 10 | I3: Sesión 11 y 12 | J3: Sesión 13 y 14
A4: 1 | B4: ='🏅 RANKING'!B4 -> Kovach, Ludmila | C4: ='🏅 RANKING'!C4 -> Grupo 1 | D4: Líder de Equipo | E4: Técnico Principal | F4: Técnico Secundario | G4: Documentador | H4: Control de Calidad | I4: Tester / Instalador | J4: Líder de Equipo
A5: 2 | B5: ='🏅 RANKING'!B5 -> Terraza, Brian | C5: ='🏅 RANKING'!C5 -> Grupo 1 | D5: Técnico Principal | E5: Técnico Secundario | F5: Documentador | G5: Control de Calidad | H5: Tester / Instalador | I5: Líder de Equipo | J5: Técnico Principal
A6: 3 | B6: ='🏅 RANKING'!B6 -> Pedrozo, Lorena | C6: ='🏅 RANKING'!C6 -> Grupo 1 | D6: Técnico Secundario | E6: Documentador | F6: Control de Calidad | G6: Tester / Instalador | H6: Líder de Equipo | I6: Técnico Principal | J6: Técnico Secundario
A7: 4 | B7: ='🏅 RANKING'!B7 -> Cáceres, Santiago | C7: ='🏅 RANKING'!C7 -> Grupo 1 | D7: Documentador | E7: Control de Calidad | F7: Tester / Instalador | G7: Líder de Equipo | H7: Técnico Principal | I7: Técnico Secundario | J7: Documentador
A8: 5 | B8: ='🏅 RANKING'!B8 -> Aguilera, Thiago | C8: ='🏅 RANKING'!C8 -> Grupo 1 | D8: Control de Calidad | E8: Tester / Instalador | F8: Líder de Equipo | G8: Técnico Principal | H8: Técnico Secundario | I8: Documentador | J8: Control de Calidad
A9: 6 | B9: ='🏅 RANKING'!B9 -> Simonetti, Tomás | C9: ='🏅 RANKING'!C9 -> Grupo 1 | D9: Tester / Instalador | E9: Líder de Equipo | F9: Técnico Principal | G9: Técnico Secundario | H9: Documentador | I9: Control de Calidad | J9: Tester / Instalador
A10: 7 | B10: ='🏅 RANKING'!B10 -> Pinilla, Alexis | C10: ='🏅 RANKING'!C10 -> Grupo 2 | D10: Líder de Equipo | E10: Técnico Principal | F10: Técnico Secundario | G10: Documentador | H10: Control de Calidad | I10: Tester / Instalador | J10: Líder de Equipo
A11: 8 | B11: ='🏅 RANKING'!B11 -> Lorenzetti, Axel | C11: ='🏅 RANKING'!C11 -> Grupo 2 | D11: Técnico Principal | E11: Técnico Secundario | F11: Documentador | G11: Control de Calidad | H11: Tester / Instalador | I11: Líder de Equipo | J11: Técnico Principal
A12: 9 | B12: ='🏅 RANKING'!B12 -> Leal, Benjamín | C12: ='🏅 RANKING'!C12 -> Grupo 2 | D12: Técnico Secundario | E12: Documentador | F12: Control de Calidad | G12: Tester / Instalador | H12: Líder de Equipo | I12: Técnico Principal | J12: Técnico Secundario
A13: 10 | B13: ='🏅 RANKING'!B13 -> Calascibetta, Felipe | C13: ='🏅 RANKING'!C13 -> Grupo 2 | D13: Documentador | E13: Control de Calidad | F13: Tester / Instalador | G13: Líder de Equipo | H13: Técnico Principal | I13: Técnico Secundario | J13: Documentador
A14: 11 | B14: ='🏅 RANKING'!B14 -> Mottin, Francisco | C14: ='🏅 RANKING'!C14 -> Grupo 2 | D14: Control de Calidad | E14: Tester / Instalador | F14: Líder de Equipo | G14: Técnico Principal | H14: Técnico Secundario | I14: Documentador | J14: Control de Calidad
A15: 12 | B15: ='🏅 RANKING'!B15 -> Cappelletti, Sofía | C15: ='🏅 RANKING'!C15 -> Grupo 2 | D15: Tester / Instalador | E15: Líder de Equipo | F15: Técnico Principal | G15: Técnico Secundario | H15: Documentador | I15: Control de Calidad | J15: Tester / Instalador
A18: 📌 DESCRIPCIÓN DE ROLES
B19: Líder de Equipo | C19: Coordina el equipo, gestiona tiempos, actualiza el Kanban y reporta al FED
B20: Técnico Principal | C20: Ejecuta el desbloqueo.
B21: Técnico Secundario | C21: Asiste al Técnico Principal y prepara los equipos para la siguiente etapa
B22: Documentador | C22: Registra cada intervención en la OT en tiempo real con fecha y descripción técnica
B23: Control de Calidad | C23: Verifica que cada etapa cumple el procedimiento antes de autorizar el avance
B24: Tester / Instalador | C24: Instala la imagen del SO y verifica el funcionamiento de todos los componentes

Sheet 🏅 RANKING
A1: 👥 RANKING DE GRUPOS
A3: # | B3: Apellido y Nombre | C3: Grupo | D3: Días | E3: Rol Semana Actual | F3: Sesiones Asistidas | G3: Puntos por Asistencia | H3: Puntos Producción Grupal | I3: Puntos Territorio (Individual) | J3: Producción Grupal Territorio | K3: Desempeño Individual | L3: Puntos Totales Acumulados | M3: Valoración / Rango
A4: 1 | B4: Kovach, Ludmila | C4: Grupo 1 | D4: Lunes y Miércoles | E4: Control de Calidad | F4: =COUNTIF('📅 ASISTENCIA'!D$6:D$35, "Presente") + COUNTIF('📅 ASISTENCIA'!D$6:D$35, "Tardanza") -> 6 | G4: =COUNTIF('📅 ASISTENCIA'!D$6:D$35, "Presente")*10 + COUNTIF('📅 ASISTENCIA'!D$6:D$35, "Tardanza")*5 -> 55 | H4: =IF(F4=0, 0, (COUNTIFS('🔧 OT'!G:G, "Grupo 1", '🔧 OT'!N:N, "Finalizada OK") * 20)) -> 1000 | I4: =COUNTIFS('🏫 TERRITORIO'!$K:$K,B4,'🏫 TERRITORIO'!$L:$L,"Finalizada OK")*20 -> 0 | J4: =COUNTIFS('🏫 TERRITORIO'!$J:$J,C4,'🏫 TERRITORIO'!$L:$L,"Finalizada OK")*15 -> 0 | K4: 10 | L4: =G4 + H4 + I4 + J4 + K4 -> 1065 | M4: =IF(B4="", "", IF(K4="", "🛠️ Técnico en Formación", IF(K4>=9, "🧙‍♂️ Técnico de Élite (Master)", IF(K4>=7, "🔧 Colaborador Valioso", IF(K4>=4, "🛠️ Técnico en Formación", "⚠️ Requiere Seguimiento"))))) -> 🧙‍♂️ Técnico de Élite (Master)
A5: 2 | B5: Terraza, Brian | C5: Grupo 1 | D5: Lunes y Miércoles | E5: Tester / Instalador | F5: =COUNTIF('📅 ASISTENCIA'!E$6:E$35, "Presente") + COUNTIF('📅 ASISTENCIA'!E$6:E$35, "Tardanza") -> 9 | G5: =COUNTIF('📅 ASISTENCIA'!E$6:E$35, "Presente")*10 + COUNTIF('📅 ASISTENCIA'!E$6:E$35, "Tardanza")*5 -> 90 | H5: =IF(F5=0, 0, COUNTIFS('🔧 OT'!G:G, "Grupo 1", '🔧 OT'!N:N, "Finalizada OK") * 20) -> 1000 | I5: =COUNTIFS('🏫 TERRITORIO'!$K:$K,B5,'🏫 TERRITORIO'!$L:$L,"Finalizada OK")*20 -> 0 | J5: =COUNTIFS('🏫 TERRITORIO'!$J:$J,C5,'🏫 TERRITORIO'!$L:$L,"Finalizada OK")*15 -> 0 | K5: 10 | L5: =G5 + H5 + I5 + J5 + K5 -> 1100 | M5: =IF(B5="", "", IF(K5="", "🛠️ Técnico en Formación", IF(K5>=9, "🧙‍♂️ Técnico de Élite (Master)", IF(K5>=7, "🔧 Colaborador Valioso", IF(K5>=4, "🛠️ Técnico en Formación", "⚠️ Requiere Seguimiento"))))) -> 🧙‍♂️ Técnico de Élite (Master)
A6: 3 | B6: Pedrozo, Lorena | C6: Grupo 1 | D6: Lunes y Miércoles | E6: Líder de Equipo | F6: =COUNTIF('📅 ASISTENCIA'!F$6:F$35, "Presente") + COUNTIF('📅 ASISTENCIA'!F$6:F$35, "Tardanza") -> 11 | G6: =COUNTIF('📅 ASISTENCIA'!F$6:F$35, "Presente")*10 + COUNTIF('📅 ASISTENCIA'!F$6:F$35, "Tardanza")*5 -> 105 | H6: =IF(F6=0, 0, COUNTIFS('🔧 OT'!G:G, "Grupo 1", '🔧 OT'!N:N, "Finalizada OK") * 20) -> 1000 | I6: =COUNTIFS('🏫 TERRITORIO'!$K:$K,B6,'🏫 TERRITORIO'!$L:$L,"Finalizada OK")*20 -> 0 | J6: =COUNTIFS('🏫 TERRITORIO'!$J:$J,C6,'🏫 TERRITORIO'!$L:$L,"Finalizada OK")*15 -> 0 | K6: 10 | L6: =G6 + H6 + I6 + J6 + K6 -> 1115 | M6: =IF(B6="", "", IF(K6="", "🛠️ Técnico en Formación", IF(K6>=9, "🧙‍♂️ Técnico de Élite (Master)", IF(K6>=7, "🔧 Colaborador Valioso", IF(K6>=4, "🛠️ Técnico en Formación", "⚠️ Requiere Seguimiento"))))) -> 🧙‍♂️ Técnico de Élite (Master)
A7: 4 | B7: Cáceres, Santiago | C7: Grupo 1 | D7: Lunes y Miércoles | E7: Técnico Principal | F7: =COUNTIF('📅 ASISTENCIA'!G$6:G$35, "Presente") + COUNTIF('📅 ASISTENCIA'!G$6:G$35, "Tardanza") -> 8 | G7: =COUNTIF('📅 ASISTENCIA'!G$6:G$35, "Presente")*10 + COUNTIF('📅 ASISTENCIA'!G$6:G$35, "Tardanza")*5 -> 80 | H7: =IF(F7=0, 0, COUNTIFS('🔧 OT'!G:G, "Grupo 1", '🔧 OT'!N:N, "Finalizada OK") * 20) -> 1000 | I7: =COUNTIFS('🏫 TERRITORIO'!$K:$K,B7,'🏫 TERRITORIO'!$L:$L,"Finalizada OK")*20 -> 0 | J7: =COUNTIFS('🏫 TERRITORIO'!$J:$J,C7,'🏫 TERRITORIO'!$L:$L,"Finalizada OK")*15 -> 0 | K7: 10 | L7: =G7 + H7 + I7 + J7 + K7 -> 1090 | M7: =IF(B7="", "", IF(K7="", "🛠️ Técnico en Formación", IF(K7>=9, "🧙‍♂️ Técnico de Élite (Master)", IF(K7>=7, "🔧 Colaborador Valioso", IF(K7>=4, "🛠️ Técnico en Formación", "⚠️ Requiere Seguimiento"))))) -> 🧙‍♂️ Técnico de Élite (Master)
A8: 5 | B8: Aguilera, Thiago | C8: Grupo 1 | D8: Lunes y Miércoles | E8: Técnico Secundario | F8: =COUNTIF('📅 ASISTENCIA'!H$6:H$35, "Presente") + COUNTIF('📅 ASISTENCIA'!H$6:H$35, "Tardanza") -> 11 | G8: =COUNTIF('📅 ASISTENCIA'!H$6:H$35, "Presente")*10 + COUNTIF('📅 ASISTENCIA'!H$6:H$35, "Tardanza")*5 -> 110 | H8: =IF(F8=0, 0, COUNTIFS('🔧 OT'!G:G, "Grupo 1", '🔧 OT'!N:N, "Finalizada OK") * 20) -> 1000 | I8: =COUNTIFS('🏫 TERRITORIO'!$K:$K,B8,'🏫 TERRITORIO'!$L:$L,"Finalizada OK")*20 -> 0 | J8: =COUNTIFS('🏫 TERRITORIO'!$J:$J,C8,'🏫 TERRITORIO'!$L:$L,"Finalizada OK")*15 -> 0 | K8: 10 | L8: =G8 + H8 + I8 + J8 + K8 -> 1120 | M8: =IF(B8="", "", IF(K8="", "🛠️ Técnico en Formación", IF(K8>=9, "🧙‍♂️ Técnico de Élite (Master)", IF(K8>=7, "🔧 Colaborador Valioso", IF(K8>=4, "🛠️ Técnico en Formación", "⚠️ Requiere Seguimiento"))))) -> 🧙‍♂️ Técnico de Élite (Master)
A9: 6 | B9: Simonetti, Tomás | C9: Grupo 1 | D9: Lunes y Miércoles | E9: Documentador | F9: =COUNTIF('📅 ASISTENCIA'!I$6:I$35, "Presente") + COUNTIF('📅 ASISTENCIA'!I$6:I$35, "Tardanza") -> 9 | G9: =COUNTIF('📅 ASISTENCIA'!I$6:I$35, "Presente")*10 + COUNTIF('📅 ASISTENCIA'!I$6:I$35, "Tardanza")*5 -> 90 | H9: =IF(F9=0, 0, COUNTIFS('🔧 OT'!G:G, "Grupo 1", '🔧 OT'!N:N, "Finalizada OK") * 20) -> 1000 | I9: =COUNTIFS('🏫 TERRITORIO'!$K:$K,B9,'🏫 TERRITORIO'!$L:$L,"Finalizada OK")*20 -> 0 | J9: =COUNTIFS('🏫 TERRITORIO'!$J:$J,C9,'🏫 TERRITORIO'!$L:$L,"Finalizada OK")*15 -> 0 | K9: 10 | L9: =G9 + H9 + I9 + J9 + K9 -> 1100 | M9: =IF(B9="", "", IF(K9="", "🛠️ Técnico en Formación", IF(K9>=9, "🧙‍♂️ Técnico de Élite (Master)", IF(K9>=7, "🔧 Colaborador Valioso", IF(K9>=4, "🛠️ Técnico en Formación", "⚠️ Requiere Seguimiento"))))) -> 🧙‍♂️ Técnico de Élite (Master)
A10: 7 | B10: Pinilla, Alexis | C10: Grupo 2 | D10: Martes y Jueves | E10: Documentador | F10: =COUNTIF('📅 ASISTENCIA'!D$39:D$68, "Presente") + COUNTIF('📅 ASISTENCIA'!D$39:D$68, "Tardanza") -> 10 | G10: =COUNTIF('📅 ASISTENCIA'!D$39:D$68, "Presente")*10 + COUNTIF('📅 ASISTENCIA'!D$39:D$68, "Tardanza")*5 -> 100 | H10: =IF(F10=0, 0, COUNTIFS('🔧 OT'!G:G, "Grupo 2", '🔧 OT'!N:N, "Finalizada OK") * 20) -> 1140 | I10: =COUNTIFS('🏫 TERRITORIO'!$K:$K,B10,'🏫 TERRITORIO'!$L:$L,"Finalizada OK")*20 -> 40 | J10: =COUNTIFS('🏫 TERRITORIO'!$J:$J,C10,'🏫 TERRITORIO'!$L:$L,"Finalizada OK")*15 -> 165 | K10: 9 | L10: =G10 + H10 + I10 + J10 + K10 -> 1454 | M10: =IF(B10="", "", IF(K10="", "🛠️ Técnico en Formación", IF(K10>=9, "🧙‍♂️ Técnico de Élite (Master)", IF(K10>=7, "🔧 Colaborador Valioso", IF(K10>=4, "🛠️ Técnico en Formación", "⚠️ Requiere Seguimiento"))))) -> 🧙‍♂️ Técnico de Élite (Master)
A11: 8 | B11: Lorenzetti, Axel | C11: Grupo 2 | D11: Martes y Jueves | E11: Control de Calidad | F11: =COUNTIF('📅 ASISTENCIA'!E$39:E$68, "Presente") + COUNTIF('📅 ASISTENCIA'!E$39:E$68, "Tardanza") -> 9 | G11: =COUNTIF('📅 ASISTENCIA'!E$39:E$68, "Presente")*10 + COUNTIF('📅 ASISTENCIA'!E$39:E$68, "Tardanza")*5 -> 85 | H11: =IF(F11=0, 0, COUNTIFS('🔧 OT'!G:G, "Grupo 2", '🔧 OT'!N:N, "Finalizada OK") * 20) -> 1140 | I11: =COUNTIFS('🏫 TERRITORIO'!$K:$K,B11,'🏫 TERRITORIO'!$L:$L,"Finalizada OK")*20 -> 40 | J11: =COUNTIFS('🏫 TERRITORIO'!$J:$J,C11,'🏫 TERRITORIO'!$L:$L,"Finalizada OK")*15 -> 165 | K11: 10 | L11: =G11 + H11 + I11 + J11 + K11 -> 1440 | M11: =IF(B11="", "", IF(K11="", "🛠️ Técnico en Formación", IF(K11>=9, "🧙‍♂️ Técnico de Élite (Master)", IF(K11>=7, "🔧 Colaborador Valioso", IF(K11>=4, "🛠️ Técnico en Formación", "⚠️ Requiere Seguimiento"))))) -> 🧙‍♂️ Técnico de Élite (Master)
A12: 9 | B12: Leal, Benjamín | C12: Grupo 2 | D12: Martes y Jueves | E12: Tester / Instalador | F12: =COUNTIF('📅 ASISTENCIA'!F$39:F$68, "Presente") + COUNTIF('📅 ASISTENCIA'!F$39:F$68, "Tardanza") -> 9 | G12: =COUNTIF('📅 ASISTENCIA'!F$39:F$68, "Presente")*10 + COUNTIF('📅 ASISTENCIA'!F$39:F$68, "Tardanza")*5 -> 90 | H12: =IF(F12=0, 0, COUNTIFS('🔧 OT'!G:G, "Grupo 2", '🔧 OT'!N:N, "Finalizada OK") * 20) -> 1140 | I12: =COUNTIFS('🏫 TERRITORIO'!$K:$K,B12,'🏫 TERRITORIO'!$L:$L,"Finalizada OK")*20 -> 0 | J12: =COUNTIFS('🏫 TERRITORIO'!$J:$J,C12,'🏫 TERRITORIO'!$L:$L,"Finalizada OK")*15 -> 165 | K12: 10 | L12: =G12 + H12 + I12 + J12 + K12 -> 1405 | M12: =IF(B12="", "", IF(K12="", "🛠️ Técnico en Formación", IF(K12>=9, "🧙‍♂️ Técnico de Élite (Master)", IF(K12>=7, "🔧 Colaborador Valioso", IF(K12>=4, "🛠️ Técnico en Formación", "⚠️ Requiere Seguimiento"))))) -> 🧙‍♂️ Técnico de Élite (Master)
A13: 10 | B13: Calascibetta, Felipe | C13: Grupo 2 | D13: Martes y Jueves | E13: Líder de Equipo | F13: =COUNTIF('📅 ASISTENCIA'!G$39:G$68, "Presente") + COUNTIF('📅 ASISTENCIA'!G$39:G$68, "Tardanza") -> 8 | G13: =COUNTIF('📅 ASISTENCIA'!G$39:G$68, "Presente")*10 + COUNTIF('📅 ASISTENCIA'!G$39:G$68, "Tardanza")*5 -> 80 | H13: =IF(F13=0, 0, COUNTIFS('🔧 OT'!G:G, "Grupo 2", '🔧 OT'!N:N, "Finalizada OK") * 20) -> 1140 | I13: =COUNTIFS('🏫 TERRITORIO'!$K:$K,B13,'🏫 TERRITORIO'!$L:$L,"Finalizada OK")*20 -> 0 | J13: =COUNTIFS('🏫 TERRITORIO'!$J:$J,C13,'🏫 TERRITORIO'!$L:$L,"Finalizada OK")*15 -> 165 | K13: 9 | L13: =G13 + H13 + I13 + J13 + K13 -> 1394 | M13: =IF(B13="", "", IF(K13="", "🛠️ Técnico en Formación", IF(K13>=9, "🧙‍♂️ Técnico de Élite (Master)", IF(K13>=7, "🔧 Colaborador Valioso", IF(K13>=4, "🛠️ Técnico en Formación", "⚠️ Requiere Seguimiento"))))) -> 🧙‍♂️ Técnico de Élite (Master)
A14: 11 | B14: Mottin, Francisco | C14: Grupo 2 | D14: Martes y Jueves | E14: Técnico Principal | F14: =COUNTIF('📅 ASISTENCIA'!H$39:H$68, "Presente") + COUNTIF('📅 ASISTENCIA'!H$39:H$68, "Tardanza") -> 11 | G14: =COUNTIF('📅 ASISTENCIA'!H$39:H$68, "Presente")*10 + COUNTIF('📅 ASISTENCIA'!H$39:H$68, "Tardanza")*5 -> 110 | H14: =IF(F14=0, 0, COUNTIFS('🔧 OT'!G:G, "Grupo 2", '🔧 OT'!N:N, "Finalizada OK") * 20) -> 1140 | I14: =COUNTIFS('🏫 TERRITORIO'!$K:$K,B14,'🏫 TERRITORIO'!$L:$L,"Finalizada OK")*20 -> 80 | J14: =COUNTIFS('🏫 TERRITORIO'!$J:$J,C14,'🏫 TERRITORIO'!$L:$L,"Finalizada OK")*15 -> 165 | K14: 10 | L14: =G14 + H14 + I14 + J14 + K14 -> 1505 | M14: =IF(B14="", "", IF(K14="", "🛠️ Técnico en Formación", IF(K14>=9, "🧙‍♂️ Técnico de Élite (Master)", IF(K14>=7, "🔧 Colaborador Valioso", IF(K14>=4, "🛠️ Técnico en Formación", "⚠️ Requiere Seguimiento"))))) -> 🧙‍♂️ Técnico de Élite (Master)
A15: 12 | B15: Cappelletti, Sofía | C15: Grupo 2 | D15: Martes y Jueves | E15: Técnico Secundario | F15: =COUNTIF('📅 ASISTENCIA'!I$39:I$68, "Presente") + COUNTIF('📅 ASISTENCIA'!I$39:I$68, "Tardanza") -> 8 | G15: =COUNTIF('📅 ASISTENCIA'!I$39:I$68, "Presente")*10 + COUNTIF('📅 ASISTENCIA'!I$39:I$68, "Tardanza")*5 -> 80 | H15: =IF(F15=0, 0, COUNTIFS('🔧 OT'!G:G, "Grupo 2", '🔧 OT'!N:N, "Finalizada OK") * 20) -> 1140 | I15: =COUNTIFS('🏫 TERRITORIO'!$K:$K,B15,'🏫 TERRITORIO'!$L:$L,"Finalizada OK")*20 -> 0 | J15: =COUNTIFS('🏫 TERRITORIO'!$J:$J,C15,'🏫 TERRITORIO'!$L:$L,"Finalizada OK")*15 -> 165 | K15: 10 | L15: =G15 + H15 + I15 + J15 + K15 -> 1395 | M15: =IF(B15="", "", IF(K15="", "🛠️ Técnico en Formación", IF(K15>=9, "🧙‍♂️ Técnico de Élite (Master)", IF(K15>=7, "🔧 Colaborador Valioso", IF(K15>=4, "🛠️ Técnico en Formación", "⚠️ Requiere Seguimiento"))))) -> 🧙‍♂️ Técnico de Élite (Master)
B18: =SUMIF('🏅 RANKING'!C4:C15, "Grupo 1", '🏅 RANKING'!J4:J15) - (COUNTIF('📅 ASISTENCIA'!D6:I35, "Tardanza") * 3) -> -6
B19: =SUMIF('🏅 RANKING'!C4:C15, "Grupo 2", '🏅 RANKING'!J4:J15) - (COUNTIF('📅 ASISTENCIA'!D39:I68, "Tardanza") * 3) -> 987
B20: =SUM(L4:L9) -> 6590
B21: =SUM(L10:L15) -> 8593

Sheet 🏆 DASHBOARD
A1: 🏆 DASHBOARD
B3: 📌 INDICADORES CLAVE
B4: 💻 Recibidos | C4: 🔍 Diagnosticados | D4: 🔓 Desbloqueados | E4: 🖥️ Con SO
B5: =COUNTA('💻 EQUIPOS'!B4:B986) -> 136 | C5: =COUNTIF('💻 EQUIPOS'!I4:I986,"Diagnosticando")+COUNTIF('💻 EQUIPOS'!I4:I986,"Desbloqueando")+COUNTIF('💻 EQUIPOS'!I4:I986,"Instalando SO")+COUNTIF('💻 EQUIPOS'!I4:I986,"Configurando")+COUNTIF('💻 EQUIPOS'!I4:I986,"Probando")+COUNTIF('💻 EQUIPOS'!I4:I986,"Finalizada OK")+COUNTIF('💻 EQUIPOS'!I4:I986,"Derivada") -> 127 | D5: =COUNTIF('💻 EQUIPOS'!I4:I986,"Desbloqueando")+COUNTIF('💻 EQUIPOS'!I4:I986,"Instalando SO")+COUNTIF('💻 EQUIPOS'!I4:I986,"Configurando")+COUNTIF('💻 EQUIPOS'!I4:I986,"Probando")+COUNTIF('💻 EQUIPOS'!I4:I986,"Finalizada OK") -> 113 | E5: =COUNTIF('💻 EQUIPOS'!I4:I986,"Instalando SO")+COUNTIF('💻 EQUIPOS'!I4:I986,"Configurando")+COUNTIF('💻 EQUIPOS'!I4:I986,"Probando")+COUNTIF('💻 EQUIPOS'!I4:I986,"Finalizada OK") -> 113
B7: ✅ Finalizados | C7: ❌ Irreparables | D7: 📊 % Avance | E7: 📋 OTs Activas
B8: =COUNTIF('💻 EQUIPOS'!I4:I986,"Finalizada OK") -> 107 | C8: =COUNTIF('💻 EQUIPOS'!I4:I986,"Derivada") -> 14 | D8: =IFERROR(COUNTIF('💻 EQUIPOS'!I4:I986,"Finalizada OK")/COUNTA('💻 EQUIPOS'!B4:B986),0) -> 0.78676471 | E8: =COUNTIF('🔧 OT'!N4:N986,"Configurando")+COUNTIF('🔧 OT'!N4:N986,"Pendiente")+COUNTIF('🔧 OT'!N4:N986,"Instalando SO")+COUNTIF('🔧 OT'!N4:N986,"Desbloqueando")+COUNTIF('🔧 OT'!N4:N986,"Diagnosticando")+COUNTIF('🔧 OT'!N4:N986,"Probando") -> 15
B12: 📊 COMPARATIVA DE GRUPOS
B13: Grupo | C13: Días | D13: Alumnos | E13: Equipos Asignados | F13: Equipos Finalizados | G13: % Eficiencia
B14: Grupo 1 | C14: Lunes y Miércoles | D14: 6 | E14: =COUNTIF('💻 EQUIPOS'!J4:J70,"Grupo 1") -> 30 | F14: =COUNTIFS('💻 EQUIPOS'!J4:J70,"Grupo 1",'💻 EQUIPOS'!I4:I70,"Finalizada OK") -> 20 | G14: =IFERROR(F14/E14,0) -> 0.66666667
B15: Grupo 2 | C15: Martes y Jueves | D15: 6 | E15: =COUNTIF('💻 EQUIPOS'!J4:J70,"Grupo 2") -> 37 | F15: =COUNTIFS('💻 EQUIPOS'!J4:J70,"Grupo 2",'💻 EQUIPOS'!I4:I70,"Finalizada OK") -> 33 | G15: =IFERROR(F15/E15,0) -> 0.89189189
B17: 📅 RESUMEN DE ASISTENCIA
B18: Total Registros | C18: Presentes | D18: Ausentes | E18: Tardanzas | F18: Justificados | G18: % Asistencia
B19: =COUNTIF('📅 ASISTENCIA'!D6:I35,"Presente")+COUNTIF('📅 ASISTENCIA'!D6:I35,"Ausente")+COUNTIF('📅 ASISTENCIA'!D6:I35,"Tardanza")+COUNTIF('📅 ASISTENCIA'!D6:I35,"Justificado")+COUNTIF('📅 ASISTENCIA'!D39:I68,"Presente")+COUNTIF('📅 ASISTENCIA'!D39:I68,"Ausente")+COUNTIF('📅 ASISTENCIA'!D39:I68,"Tardanza")+COUNTIF('📅 ASISTENCIA'!D39:I68,"Justificado") -> 132 | C19: =COUNTIF('📅 ASISTENCIA'!D6:I35,"Presente")+COUNTIF('📅 ASISTENCIA'!D6:I35,"Tardanza")+COUNTIF('📅 ASISTENCIA'!D39:I68,"Presente")+COUNTIF('📅 ASISTENCIA'!D39:I68,"Tardanza") -> 109 | D19: =COUNTIF('📅 ASISTENCIA'!D6:I35,"Ausente")+COUNTIF('📅 ASISTENCIA'!D39:I68,"Ausente") -> 21 | E19: =COUNTIF('📅 ASISTENCIA'!D6:I35,"Tardanza")+COUNTIF('📅 ASISTENCIA'!D39:I68,"Tardanza") -> 3 | F19: =COUNTIF('📅 ASISTENCIA'!D6:I35,"Justificado")+COUNTIF('📅 ASISTENCIA'!D39:I68,"Justificado") -> 2 | G19: =IFERROR(C19/B19,0) -> 0.82575758
B21: 🏫 TERRITORIO
B22: 🔧 Equipos Revisados | C22: 🏫 Escuelas Visitadas | D22: ✅ Finalizadas OK | E22: ❌ Derivadas | F22: 📊 % Avance
B23: =COUNTA('🏫 TERRITORIO'!G5:G1000) -> 20 | C23: =SUMPRODUCT(('🏫 TERRITORIO'!D5:D1000<>"")/COUNTIF('🏫 TERRITORIO'!D5:D1000,'🏫 TERRITORIO'!D5:D1000&"")) -> 1 | D23: =COUNTIF('🏫 TERRITORIO'!L5:L1000,"Finalizada OK") -> 14 | E23: =COUNTIF('🏫 TERRITORIO'!L5:L1000,"Derivada") -> 6 | F23: =IFERROR(D23/B23,0) -> 0.7
B25: 📊 COMPARATIVA DE GRUPOS — TERRITORIO
B26: Grupo | C26: Equipos Atendidos | D26: Equipos Finalizados | E26: % Eficiencia
B27: Grupo 1 | C27: =COUNTIF('🏫 TERRITORIO'!J5:J1000,"Grupo 1") -> 0 | D27: =COUNTIFS('🏫 TERRITORIO'!J5:J1000,"Grupo 1",'🏫 TERRITORIO'!L5:L1000,"Finalizada OK") -> 0 | E27: =IFERROR(D27/C27,0) -> 0
B28: Grupo 2 | C28: =COUNTIF('🏫 TERRITORIO'!J5:J1000,"Grupo 2") -> 15 | D28: =COUNTIFS('🏫 TERRITORIO'!J5:J1000,"Grupo 2",'🏫 TERRITORIO'!L5:L1000,"Finalizada OK") -> 11 | E28: =IFERROR(D28/C28,0) -> 0.73333333

Sheet 🗂️ DATA_ESCUELAS
A1: Escuela | B1: CUE | C1: Distrito | D1: Nombre
A2: BERISSO | ANEXO A CENTRO DE EDUCACIÓN AGRARIA N° 14 (CUE: 61672701) | B2: 61672701 | C2: BERISSO | D2: ANEXO A CENTRO DE EDUCACIÓN AGRARIA N° 14
A3: BERISSO | C.E.C. MANUEL NICOLAS SAVIO (CUE: 61660800) | B3: 61660800 | C3: BERISSO | D3: C.E.C. MANUEL NICOLAS SAVIO
A4: BERISSO | CENTRO DE ADULTOS N° 704/01 (CUE: 61371201) | B4: 61371201 | C4: BERISSO | D4: CENTRO DE ADULTOS N° 704/01
A5: BERISSO | CENTRO DE ADULTOS N° 706 (CUE: 60298600) | B5: 60298600 | C5: BERISSO | D5: CENTRO DE ADULTOS N° 706
A6: BERISSO | CENTRO DE ADULTOS N° 707/03 MARTÍN MIGUEL DE GÜEMES (CUE: 60283801) | B6: 60283801 | C6: BERISSO | D6: CENTRO DE ADULTOS N° 707/03 MARTÍN MIGUEL DE GÜEMES
A7: BERISSO | CENTRO DE ADULTOS N° 708/03 DARDO ROCHA (CUE: 60283802) | B7: 60283802 | C7: BERISSO | D7: CENTRO DE ADULTOS N° 708/03 DARDO ROCHA
A8: BERISSO | CENTRO DE ADULTOS N° 710/03 (CUE: 60283803) | B8: 60283803 | C8: BERISSO | D8: CENTRO DE ADULTOS N° 710/03
A9: BERISSO | CENTRO DE ADULTOS N° 711 (CUE: 60281000) | B9: 60281000 | C9: BERISSO | D9: CENTRO DE ADULTOS N° 711
A10: BERISSO | CENTRO DE ADULTOS N° 712 (CUE: 60284200) | B10: 60284200 | C10: BERISSO | D10: CENTRO DE ADULTOS N° 712
A11: BERISSO | CENTRO DE EDUCACIÓN AGRARIA N° 14 (CUE: 61672700) | B11: 61672700 | C11: BERISSO | D11: CENTRO DE EDUCACIÓN AGRARIA N° 14
A12: BERISSO | CENTRO DE EDUCACIÓN FÍSICA N° 67 (CUE: 61641200) | B12: 61641200 | C12: BERISSO | D12: CENTRO DE EDUCACIÓN FÍSICA N° 67
A13: BERISSO | CENTRO DE FORMACIÓN PROFESIONAL (CUE: 62320600) | B13: 62320600 | C13: BERISSO | D13: CENTRO DE FORMACIÓN PROFESIONAL
... A867: PUNTA INDIO | JARDÍN MATERNAL N° 1 (CUE: 62459500) | B867: 62459500 | C867: PUNTA INDIO | D867: JARDÍN MATERNAL N° 1
